image_id,ground_truth
3ecf1af5-6a8f-416a-9b4c-df9f2e0a0a80.jpg,1
2789b3fe-a337-4dc2-b42c-8bccde1f68fb.jpg,0
01a342c6-c3fc-4b55-8c22-13c1a556ba87.jpg,0
ac784910-b461-498d-b3a8-50b1e4116b11.jpg,0
6dcd4df6-7447-4bcf-a29b-f7f53b4c3ed4.jpg,0
73b2089b-34a5-49de-a98b-2325512322f1.jpg,0
8bb3958b-3487-4ad4-86cc-5c391e3bd9a4.jpg,1
23a0595f-7b9e-47ce-ae12-07a83a00c189.jpg,1
32e05946-83ff-4780-9090-4ad99ccd4134.jpg,0
674a7ded-31e4-41b1-a7cf-4a6c04fd4af1.jpg,1
48cbd795-471d-4a49-8d0e-d410c26127cb.jpg,0
7d35cc6b-1695-4023-8cca-52bd203ed111.jpg,1
4025f7d2-454a-4da8-8345-9d1835f129db.jpg,0
ea87b204-2890-4833-a663-d86312ac2c95.jpg,1
8ceec6d6-47bf-45d1-afb8-e8ec1b159775.jpg,1
74d2fc70-53dc-409e-8885-dde7475c76c0.jpg,1
5aa4e34f-de73-45ab-aea3-669e3cf594d5.jpg,0
0c26571d-0da7-4940-922f-ac9aac7c5c09.jpg,1
e38beb75-7c76-460e-9118-f5fbc1562ee2.jpg,0
c8a27f0e-1d4e-49a2-8cb5-48c238e15149.jpg,0
88155be4-1f18-4684-86a0-1397bb01e07b.jpg,0
f27549cb-65e2-48b4-b4f9-c20d9b6aa5a7.jpg,0
235630a9-5068-430e-84dd-46a2cdc59f79.jpg,1
1b059417-bb41-4280-bd4d-b7c8901a41bb.jpg,1
b9db5f3b-e69c-46d6-bd6a-52247a82affa.jpg,1
19072781-7aa4-4b8f-8438-b9064b0356aa.jpg,1
d613330a-1530-4051-ba34-2a5897d88dff.jpg,1
074d7c32-cc9a-4d3d-a0ac-abd7dd7506b6.jpg,1
e4b49724-eec6-4a89-8256-336604799c0b.jpg,0
d4a6d45a-9b7c-4433-b6c9-3c9e7f6669e1.jpg,1
42ae40ed-2b32-43c8-a604-1bc6a95ce227.jpg,0
51d46f95-d866-403e-9c14-cd8ea2aa384d.jpg,1
ee3e07fb-fdfd-4500-8d85-e9205f66d6fd.jpg,1
8b6ca6dc-31b7-4e6b-8bb7-ae3c734abc9d.jpg,0
44a67312-8f2d-4db8-8106-ca70f629024d.jpg,1
c15277ef-1406-468c-9ccc-cf43d7f818a3.jpg,1
6f75b7e6-ab2b-4b06-90ec-c95e4aef3a36.jpg,0
c12f4ce5-648d-465e-bfdb-3b326cc142e7.jpg,1
d97fd9fa-6990-404d-a800-49bcbc123815.jpg,1
7f1ca12f-52e0-4341-afe9-92b46159f81b.jpg,0
c32f2505-06c3-4026-9503-c09ec1b61ca6.jpg,1
0a48dd6d-2dfc-40f2-a149-f886e756fdfb.jpg,0
2415ab77-c54a-49b0-8961-dffafdcb79a5.jpg,1
04a0499c-0cd7-4bce-91d2-412b428db8a5.jpg,1
21cc5486-75f9-4b17-b0a0-d3b445562627.jpg,1
8722d58b-b231-439f-a211-24c6ed75697a.jpg,1
b29d6686-1817-4aef-a8c0-8cfa8c132f75.jpg,1
52e7b08e-61f6-4430-9a6f-c05b841154fa.jpg,0
5d98c9b3-9b37-40cd-930a-d3d6782a49b9.jpg,1
e0342452-4d40-4944-b349-caa85c856b95.jpg,1
bf0d6ac2-5c25-4173-97ff-c0299ccf2c3c.jpg,1
17216275-50d5-41e0-9855-90583bef3619.jpg,0
95a167ca-f091-402e-89fa-a8012880c4bc.jpg,0
80ebc689-8419-4800-9b45-012697c130ad.jpg,0
c40d36c2-5790-45aa-8c74-2cf061a4c975.jpg,0
2685e3a6-80b2-4380-9d08-1c4942627b9b.jpg,1
a1bc0476-2e2f-41fa-afb4-e4f86169ac0b.jpg,0
573e93da-2543-4c7a-a888-667ff2a7192d.jpg,0
8c7c0958-282b-43a8-87d5-97a2668b2e44.jpg,1
69556613-051a-4310-bf60-f310551d90fe.jpg,1
721385cf-ece2-4ca2-b0a6-b531c54e7231.jpg,0
faf0a49f-01a0-4504-bced-c120806d5033.jpg,0
5891fad7-e127-49a1-8cfc-16831a42430e.jpg,1
5a24b207-b68c-4869-b139-691f5371129d.jpg,1
fce36bde-8721-4b8d-a25a-f636d4612cf8.jpg,0
0de420cc-2101-419c-b185-21ac03998328.jpg,0
844d919e-5efb-4b2d-874f-a13a978a3949.jpg,0
db9e0330-6026-4856-955d-c252aab992e0.jpg,1
f6ec7461-9f3c-4164-9f5a-53b13c2c743f.jpg,1
eab7aa5d-2373-4463-978b-15ed6a9bacc8.jpg,1
3f20b783-e1d9-4b21-a2fd-79435a774162.jpg,0
192f2aac-900b-4b89-afac-337367ece699.jpg,0
2519a77a-4f89-453a-b98c-be9b618775c8.jpg,1
84c00842-476f-46f3-a560-b54835d70741.jpg,0
f7cc36fc-d867-4d69-98f2-7b05c24ab297.jpg,0
8c7ab82c-fa55-45ea-9e03-20b52b76c93c.jpg,0
aa99df85-be5a-4ff6-99ba-049d86ea280c.jpg,0
c0f7b7c6-8e73-43a8-91a9-29464e9ebe01.jpg,1
2f753e90-8acb-402a-923a-49b6bc1e3788.jpg,0
262c0900-4352-4486-b723-82da2ed921e4.jpg,0
71c6bc69-4641-4c92-b73e-715ed5ed8512.jpg,1
178d7a24-6a65-471a-b59f-b757af5232db.jpg,0
5c150655-94ea-44d0-9d58-c5619a13c900.jpg,0
66e34328-7295-4802-821b-49a11b487f3d.jpg,1
739fbd83-7a0d-47a6-9881-77f2af69c571.jpg,0
7d20e135-b708-4311-9e86-09c8341266fd.jpg,0
5a5765dd-0844-47d5-a017-ef11149b674c.jpg,1
142d9154-7f5c-41b6-a225-816ee3101282.jpg,0
2b020e2b-a9be-474c-9bed-83c644bfd511.jpg,0
dc880c62-2755-471a-81a9-3037d61d1fb2.jpg,1
73673172-8030-47d8-b5ae-e30f53c79899.jpg,0
6480ac6c-42c3-4e4c-967c-fdc549514f3d.jpg,1
80e2fb96-275a-4100-b2a0-0aeb632d3b36.jpg,0
80dfe49b-0aa6-4bc2-a65c-7a6a3cc70d95.jpg,1
b443395c-f2af-417f-a9bc-073b8b6ca185.jpg,0
0153bb6d-308b-44da-b5b0-45bf585a2e1e.jpg,0
8ae8a3ba-fe0f-47dd-8f7f-317e2ef11f7e.jpg,1
7903831b-5713-4375-afda-d33bb4345975.jpg,1
3d2d1e08-feac-41ee-838f-1cdb8c7a61c7.jpg,0
54f7a5f8-94d2-4717-9cc2-f8861334936b.jpg,1
3b1fef48-e229-41fc-839b-ef33b56c655c.jpg,1
58282326-f889-4292-99c2-7127dbbb1e0e.jpg,0
a59dea46-d0cf-4e88-94ef-bc62531cbc30.jpg,0
b1ad30e2-b36f-47bb-8481-531c55edfd3f.jpg,1
f039d090-b2ab-4fdf-8949-f1a842f8df2d.jpg,1
93406a58-9c18-43fb-9493-8d6f474edcf4.jpg,0
87314aea-5db7-41e2-88e8-0883d2526b13.jpg,1
dccd0095-4a70-4c75-912f-1903e4a3db06.jpg,0
789b6b49-9801-4874-b5cf-9b37c701550c.jpg,0
e3efd9d5-5df0-485a-9b12-81cfa86a8b90.jpg,1
5284c24d-e25c-42f9-9a55-48eece0e9037.jpg,0
efba1a4a-c033-44cb-b4f9-f12b671f5324.jpg,0
17840e38-5650-4d75-88d1-66adaf9c67dd.jpg,1
db4a298f-fcbf-4ec6-81a5-a3643ad2a09d.jpg,1
9aad6f92-1293-4a74-ba31-b554bab36804.jpg,0
bd1b5d45-4eb0-439f-bb35-360eda161bc3.jpg,1
67835ff2-1b41-4c41-8756-e804c03b21bf.jpg,1
81751d10-1863-46d3-8391-26c9fa43e0e7.jpg,0
5d9c82d7-8b03-42cf-9141-c00fa38728fc.jpg,1
fda598fa-8712-443e-9fb8-4185e0282e50.jpg,1
be11de4e-a29b-4eef-9531-cbd2c7b60e20.jpg,1
1ba6fe01-d808-4f92-9c80-6bfb6cb5be30.jpg,0
b0f421f7-4511-4f61-b5b9-be013be608d3.jpg,0
c7ee1a3b-5f5b-4c80-a6d2-197c0caef5c2.jpg,0
b799d9f4-695e-4be8-83b4-d4089f793f4c.jpg,0
92010920-9179-49ac-a2db-095bef544c5c.jpg,1
9021f10d-884f-477d-88e0-ceaa458e17d8.jpg,0
6756f330-9547-4389-ba17-adc78f6d7d83.jpg,1
a9a4a9b9-6bbd-447b-a36d-91cce6a12bc5.jpg,1
6b55ef4c-4e34-4667-9270-fae345358e8e.jpg,0
893fe096-6534-408e-9c4c-48196708a6c6.jpg,1
917924f2-aa99-4bfd-b990-695d7b939499.jpg,1
d368c65b-e4fd-404b-af2a-74773ddfc327.jpg,1
4da8f588-da5f-4c65-9fa1-6c6bca7f5e7d.jpg,1
26fe6eff-ab83-45b7-ac32-55ed6c4d2eb0.jpg,0
e777fee1-1ac7-423e-9f66-15b2051681ce.jpg,0
9aeb1f32-e04d-48d4-948a-6b247bafe326.jpg,0
e4ff1574-e9ca-48e0-93f2-22efc8b33e59.jpg,1
d8427394-ad7b-4b72-a3f1-affbab8ddff5.jpg,1
9fce714c-c6b5-430f-8094-147363dab202.jpg,0
3d6de178-e91e-4dbe-b77d-42cd7c36554d.jpg,0
d4ce6b79-3b68-4a28-8810-4dd54c5f7649.jpg,0
f428f08f-6dd5-4b29-9ee6-721a7e926555.jpg,1
1de3ff70-0c63-4fe0-8da6-97679904bf74.jpg,1
619eabd9-6d2a-4aa0-a52d-0018d7c4f35b.jpg,1
b8ab6538-fbaf-4039-8dc1-df104f35b6cb.jpg,1
d6d67182-028b-4cc2-bc8b-ae0013b26065.jpg,1
41b00cdc-493b-4ee7-af04-e0725ac434ab.jpg,0
6b671405-2e32-43ad-928a-82eef6b0f5ca.jpg,1
a252d966-6b78-434e-a6ef-7afd3743ce63.jpg,0
f84f4f29-d8d3-4ed0-911f-db3df1839f77.jpg,1
1ff3749e-68ad-4322-8120-e2591b9dbb8e.jpg,0
8abb08d2-1908-4209-903b-28f34dd66f53.jpg,1
fa41c9f4-9e97-4eda-a96e-2ee1d5abff43.jpg,0
d279ff3f-3e58-4dc1-a130-a74d957dbd9e.jpg,1
5facd99a-fe9f-48d7-83a5-f33bee25307a.jpg,0
5655cd1a-71f9-4831-a412-249139c8e716.jpg,1
21fdc005-5356-454a-94da-d253d9c8267a.jpg,1
3a082621-1925-474e-9398-098e116bcb4d.jpg,0
2ca28ec0-80cb-4d08-a981-439feb83a3cc.jpg,0
31e7b7ea-3bff-4718-81f1-3232e579ce28.jpg,1
0b65d705-6d6e-4157-9f4f-11ec8575278f.jpg,1
ba4b679b-e06c-44b0-8fec-204460ed9a3f.jpg,1
674a087f-511b-491e-bedb-8563e24e5d46.jpg,0
54d45fdc-4fca-40b7-b9ba-db81955825f2.jpg,1
c67a7881-592f-4f19-91b2-1c159e25dedf.jpg,1
3d4a27cc-dc59-46be-a001-590ee9941b6c.jpg,0
15f8a60e-1782-4ff9-b0d7-e6897830d911.jpg,1
7b030ba1-322f-47c7-86ed-6eed39eefb76.jpg,1
0e6f3c07-c359-4b53-a31f-445e608665c6.jpg,1
93370f31-f9a7-43ab-8e69-328259578ebb.jpg,1
638ccca3-5679-4a9a-b943-9e311c2ae160.jpg,0
bc8a24b6-589e-4cd6-9a09-4ca4ee193245.jpg,1
eee85c81-7fc6-40fb-926b-647bcd69b418.jpg,0
9a8683b1-43d5-4412-bbb7-83f671c72965.jpg,0
1fba12c7-ce73-4508-90b5-f658e7a9fd31.jpg,0
8cbb36cb-7fe5-43ef-89ca-f5edf87f1456.jpg,0
cf3cb08e-a606-4826-961e-543d6524bc4d.jpg,1
9c0e3f5e-28a2-42fe-8142-74351cca097b.jpg,0
72bf7ea4-e15e-4d2c-954a-0874838aefcc.jpg,0
df23858f-f305-4707-9073-f0af2aa583b3.jpg,0
5731c62c-9e7b-4fba-aa21-c8500bafd850.jpg,0
b5cdacb5-73ca-4a7d-8dec-c581d0cf1e45.jpg,0
649e0376-e1d9-46d6-b1e9-0e6f1cc6854b.jpg,1
6b1e94af-6c2a-4f53-828f-7581d09a9630.jpg,1
fcdc88c5-78a1-4f81-9083-97bb89b70122.jpg,0
6c2969b3-4266-43ed-b736-1e3f44e937a9.jpg,1
a8148fff-8f87-44ec-9166-bcf725620869.jpg,1
7e83ef0d-65b6-4b05-9125-23680562f1ae.jpg,0
a107eefe-7218-4137-9086-dd31c01c2bb5.jpg,0
eabc5a15-6b02-46fb-809d-8be89457c9bd.jpg,1
5ac4df6a-1691-4399-987f-46c51ce2f9f8.jpg,1
016c8689-9c23-49a2-b918-4616cc98ae80.jpg,1
901f1f0e-887a-4c4c-bbee-96413201904d.jpg,1
dcb2e886-4294-48c4-9cbf-bf5f611911fa.jpg,0
323e0f64-321a-4b0e-9c03-d7be1939db50.jpg,1
4e598615-0f2b-497b-b69d-e009b5d80841.jpg,1
acfc71be-a7a7-4ffd-bdfa-0599eb743945.jpg,1
d87dbdd4-066a-4603-bf17-c78e612b4fd8.jpg,1
02d442a8-4607-41ad-9617-8625685c5ec8.jpg,0
698b44e3-6421-467b-b313-1ba36bc9d361.jpg,0
def98218-d87a-44d3-8054-34a22b21e626.jpg,0
5927da29-d33f-4913-8a5f-7ee35a6a8724.jpg,1
2b673d20-20aa-4d87-bfcd-e4bd3aaf8ac3.jpg,0
76bcd1e4-a564-44bb-8fad-e35306ef1842.jpg,0
15721707-14b9-42ec-9f80-09aa490601b2.jpg,0
7c5306ed-37a4-496d-a355-db9bcbfc8486.jpg,1
06ce6b4d-1287-4e08-a980-37d619dc65e3.jpg,0
d83a30d2-bf75-4ace-a9ae-39a874678016.jpg,0
a3ee4f48-998d-442d-a5fc-3eed485626aa.jpg,0
6450a0da-603e-49bb-9ac8-adf7d05914f9.jpg,1
d077916d-fe89-4c97-a76b-f0326d70c5b4.jpg,0
26f2695b-4c9b-4d5e-945a-1346df5b4baa.jpg,0
29c8c156-2476-41e9-b544-d226f4913916.jpg,1
337bcc09-fe2d-4b34-a07a-94760519f03d.jpg,0
7a865374-f35e-4d68-951e-7dcc9bfa8208.jpg,0
bfdd682e-f2ad-478a-8da5-386d4399bf58.jpg,0
37ed58c0-05f8-456a-88d4-4a2573f52526.jpg,1
8853ab94-546f-46ee-8a30-7ef29ae8c0b9.jpg,0
be79bae7-2a6d-4641-8c67-fae903130f95.jpg,0
75dcf109-023d-4785-b3be-acd3ef4d5a48.jpg,0
49ef8e40-634d-4db1-bc11-16cc9bbe52db.jpg,1
84fb76c8-9ac4-4bb7-87bf-b178116b3150.jpg,0
7c719486-511d-4c71-b2fd-da2cb358ae61.jpg,1
64a87746-3bf7-4dc7-bbe2-99489e5a8988.jpg,0
25fbce7a-b236-4f50-a35c-9668c56245c8.jpg,1
21c50fe0-65b8-41e5-8c38-f6e179969794.jpg,0
69e99ad3-9bcf-4461-96f1-4955e5577348.jpg,1
e3d40fbf-387e-415c-af15-ee2b255d7755.jpg,0
02ad5821-08e8-463f-8575-7136f2c88221.jpg,1
83a26357-5b09-468c-98ea-063e370c7087.jpg,0
759ceee1-7b43-4469-a49a-e7d2afd62331.jpg,0
78851277-0243-4fce-814b-62e01aecb0ef.jpg,0
240265cf-fc01-4b95-8465-5d90eb83025b.jpg,0
7f55e6e4-3cc0-4746-9c09-65ad4fce3d29.jpg,0
35a014b5-9162-407e-96da-2e9f00ebf73a.jpg,1
de2c3b94-7890-45f7-b8bb-9a4ba217a681.jpg,0
37741f94-ef39-4823-a454-22ee09502010.jpg,0
f0ba6302-0ffe-46df-b67b-b021b584240f.jpg,1
947e6baa-2c3f-4af4-a47b-2b10e88f64a2.jpg,0
115bbbda-044f-4f7d-9fc4-477e793d2c9f.jpg,1
c5f36d99-4b0a-4878-b9ee-376938788132.jpg,1
c9c5b6a8-c86f-4c5f-a662-d0c998cc31c6.jpg,0
ec606386-77f3-4adb-ac4c-c6ddd1ba83d0.jpg,1
af10247f-5c5a-4f6a-881b-b37c9bb4d0d6.jpg,1
d4f0e262-06da-4958-8cf6-c5a245477465.jpg,1
6d94cecf-a5a6-4f33-b258-c53f3930e2d6.jpg,1
3911ea8e-e6d8-4663-a9b2-277414583643.jpg,1
6fa1160e-c973-467f-8bd0-b5f2b465d222.jpg,1
c7730def-35ad-42d2-9cca-1beb65c097a0.jpg,0
541da90c-37b5-45c7-8503-b1f6658ad5c7.jpg,1
12c88711-90ff-4180-bc38-6946ed45b2d7.jpg,0
a091c152-bc47-4fd8-b25e-ccead0bd3029.jpg,1
92f33629-5f6b-4ac7-8559-acd669d23c09.jpg,1
fac86f5f-78ff-4050-bb7c-036a800189be.jpg,0
50a37c21-9d5e-45e6-92d6-7b2affc5bcaa.jpg,0
f7f2081b-2390-4152-add4-5a8f5ca9fea5.jpg,0
294a21f6-24d5-4ce4-b3cc-600d59966b74.jpg,0
e18e3f55-380f-4a30-997c-1863ea0bd835.jpg,1
ad661b85-a545-4ecb-b832-95be2291a335.jpg,0
76f7a807-4b80-4686-86a4-71cecd94059f.jpg,1
c37d0cce-f891-48ce-9bf0-1b41989ae834.jpg,0
e67b3657-abc8-40da-98cf-c52a21b766f3.jpg,1
f51daad3-5817-44f3-8b17-b5ed50501d1e.jpg,1
99fef152-6b81-44b9-8499-3095c65160a3.jpg,0
b8bdbb44-24a8-41f7-8c2b-9d98e4050776.jpg,0
602d56b3-68eb-44dc-a9c8-d754f4739282.jpg,1
4d943086-ba51-467c-9fee-849a1811c5f3.jpg,1
1eb4e8e4-0b89-4ad6-b7dc-290f7d04bf3e.jpg,0
4a344b78-6384-48d9-82b2-86275ff4a53f.jpg,1
b0b5a0e0-ff7d-4b3a-a265-eae7b93841fa.jpg,1
e46624f3-b854-4a17-873f-c7a0bdec29f1.jpg,0
aabd2ebf-9a4e-4eb2-bd30-96a0683927e4.jpg,0
0e648a60-cb0c-41ff-9eb3-fa0d7ecbe639.jpg,0
134d6029-36d1-4bde-8a68-a145abaf16b7.jpg,1
c34fcb7a-c9e9-4cfa-96c7-b45475ada4a7.jpg,0
000a811d-cf8f-4b5b-be75-bd9f1a73c098.jpg,1
2ea6837b-38e2-4528-b7c2-64a41dabe37e.jpg,0
a741087f-b9bf-415c-8b91-e945cb00b627.jpg,0
146c9d12-720a-414d-b6ca-c729f93c0732.jpg,0
f1fc05c8-bef7-4b8c-8f40-e3da655ec9f4.jpg,1
f6fb9f11-d2a2-42ab-af1d-53f5674c428d.jpg,1
cf626deb-9724-4e0b-b749-3b243295929c.jpg,1
af31b96b-e585-40f4-825e-51bea00b1cef.jpg,1
7411290d-60ae-446f-b5a6-8b045c00a51f.jpg,0
dc177aab-aa0b-45e4-8de3-b953d77c66bb.jpg,0
ee3d37fd-d588-4760-9fdd-010b998c22b9.jpg,1
77aa41d1-b2d4-4063-a52f-0a26fbfba1d2.jpg,1
6f18f6d8-6ed7-48ae-88f7-7abb21f33455.jpg,1
6c75b77e-0e19-44b8-8ed1-67a0636a1097.jpg,1
bc491584-0ed3-458a-9254-ce42c063fc86.jpg,0
84d13155-b13a-4c8a-81e6-c172ed983214.jpg,1
ac5890cc-49be-4ea9-9c95-8400cc0b7f73.jpg,0
0cd32125-9a5f-4380-81cd-3443ed22d7e0.jpg,1
503516a2-8a92-458d-ac7f-2f60a82d0b00.jpg,0
247fc724-4c53-4f00-87f3-30b6d04e5df5.jpg,0
a07e8ea1-7c56-498a-896d-276dae77594c.jpg,1
cb0530e1-6a56-496d-9277-886ddb419a8e.jpg,1
e21540f2-86cc-4bce-b51b-a893eb0a4824.jpg,1
7aefc3eb-55d0-4c31-94cc-4191ec7ec836.jpg,0
ed47e4fb-8fc2-48d6-b041-7eb86a7f4c4e.jpg,0
df3fb081-8737-4ae6-9771-09d83016b206.jpg,1
d5a41b96-c59a-4c75-af14-44b490610f9d.jpg,0
5a82b4d4-c40f-4076-9db6-50043225dea8.jpg,0
ab2d63ed-19d7-437a-af95-8a0a5abbca62.jpg,0
220260a0-4cce-4087-949a-381663cf1d94.jpg,1
0cb587e5-17ed-4888-a370-63668b202012.jpg,0
0811c3b2-2c99-4974-83e7-40787deea7b1.jpg,1
194f35d9-6f4d-45ff-8eb7-0690bcbbb3b8.jpg,0
04ce2030-3510-4b48-8b36-0b9decbe978d.jpg,0
c914daf8-3ee4-4e75-aa7e-8a78b9bfcd6a.jpg,0
3ab3a6e6-a2dc-4092-943e-504c41a576f5.jpg,0
c072c9c3-8eb7-4d88-9627-e82d433c68e1.jpg,0
0c24e86d-49a5-42ce-9f29-4bd27e9466bc.jpg,0
5b545217-d13b-45a8-a1fa-3c7312c9420f.jpg,1
dcbed5d6-e332-4a76-b19d-17a631defb97.jpg,1
e3f535fb-263a-49b7-9b0e-d6e59df052d5.jpg,1
40ea27e1-5314-4845-92ea-fe7f11ffed85.jpg,0
f7820f0d-f0c6-415c-8453-b81e1d156375.jpg,1
e43703d5-f77c-40c9-b518-f16812188c5b.jpg,1
6a345176-6cfd-4025-96f3-253d449d691a.jpg,0
d73e0f13-d476-4a16-8305-d27ad6a78bab.jpg,0
f6a74d54-924a-41d4-9882-39f2efb0b3c0.jpg,1
54b87af9-8b95-45e2-94d0-c5f709cd5d32.jpg,1
7d74df23-4f56-43de-a100-f63c6a22f1f0.jpg,1
cbde0582-e38a-4eed-ad96-06ed36118f5a.jpg,0
aacb6dd4-2595-4ca2-8c3f-4d2b14f400d9.jpg,0
3eccf8c5-3654-4681-8c1b-dc8eacd94b64.jpg,0
5f8da759-173c-456f-9118-cb0ebb7835e2.jpg,1
fc96ec75-123e-40e3-958d-9077239d6204.jpg,0
0329f879-e4ca-44c9-9c1f-1d31d84cbc95.jpg,1
2d6dea2a-18fb-4d31-8e03-195de7dbcd85.jpg,0
8ab877fb-afa7-42aa-9e5f-42c979b804a6.jpg,0
e9fdaea5-b928-4f1c-a140-9d5e472bd10f.jpg,0
b4216ae0-2101-4a4d-9773-270a2580b7aa.jpg,0
003a1394-83c5-41c0-9cd5-18ac89397c7b.jpg,0
894169ad-3b0f-46f5-b2a5-7f93dc07dadd.jpg,1
0bb82506-4b44-448d-ac30-8fb6414d44e2.jpg,1
9b348f4c-88eb-45d5-a2cc-4aad2b6f300e.jpg,1
1c62ffd1-1625-4392-ac31-0558ef75addd.jpg,1
848d9e96-d932-4219-9f32-fce9bfc17c70.jpg,0
f860f1fa-9050-4fc7-9401-02e4726bc4b3.jpg,0
f2cebaeb-8773-43de-b0bf-52da362bdebb.jpg,1
0ebdaf57-da36-4bf9-b0fc-ca9df0d95607.jpg,1
a7d1a1c0-197b-4150-8f7d-08091454216e.jpg,1
5588bcaa-7efc-4af3-84ad-e292b6f60176.jpg,1
0f0f1f96-0a2d-49bb-95f5-e0f191d2cdcd.jpg,1
dfacb3a8-cabe-4252-a799-76c25404de38.jpg,1
35dc725d-5c56-43c8-8f26-3359e01e7f06.jpg,1
2d9c3608-196d-4977-87b8-622ba1bf2261.jpg,1
ffc69634-28c2-4660-801b-bbc35e0720cf.jpg,0
bd160adc-af64-4295-a198-b249fc0fdbe3.jpg,0
e7a2c694-51f6-4bf9-8758-be959aa0272f.jpg,1
a0325eae-d6e6-41a0-b0e1-c2a0c938ad72.jpg,1
0ec03bd9-c985-4d10-aee9-e506e4f23ea1.jpg,0
ab64e0f7-7444-4150-943b-2ef99bad27c2.jpg,0
f6a81543-1d41-4e14-91b4-a1ca7e9c4843.jpg,0
de5b07f2-017c-4ba7-8170-d8b949b5a8be.jpg,0
cd8a2748-0515-49c1-83e7-a771623a7a82.jpg,1
c6148926-8709-48a8-b506-e1ffdffdd65b.jpg,1
b492f4dd-e84c-4204-89b8-8d79cf5ac22a.jpg,0
9bf68c14-afa3-4c19-a988-ea6c55777fb2.jpg,0
4e15de42-c086-477e-a019-49dd58ba3a48.jpg,1
1b842647-f0a7-45b6-b6de-69af06a8bf6d.jpg,1
d4960b40-5f1f-406e-829c-a505203bf51f.jpg,0
0fc9358e-6e95-44ea-acf2-ee6b65cf9e09.jpg,1
7b570fbd-37e4-4dda-8973-ace79ab8f02c.jpg,0
9c7575bf-c529-4ce2-b931-aa164ed058a9.jpg,1
718d7ab5-98be-488a-acb1-dc8e31bfd611.jpg,0
6c5f7718-19ea-46c8-a924-cd1be7457413.jpg,0
f78b614d-b18b-4f91-8f59-41c31d0eb69b.jpg,1
7e4cfc46-2bb1-4434-bfb8-69694c393c9d.jpg,0
748b1257-f6f2-46ea-8b93-992663386e08.jpg,1
02f2c35a-31fc-4068-a573-ff12509ebcbc.jpg,0
325a7fb3-9c81-4019-81b7-dc006ed80b27.jpg,1
55cbbc87-07ef-4fcf-bdf8-a97a20dcbbc1.jpg,1
5d5432eb-656a-426f-8ae6-413e5e66ebe1.jpg,0
5bbb87d7-329c-404f-805d-735b3f0e08ef.jpg,0
c61e9724-c794-4699-990e-64bf3ff57e76.jpg,0
ee415cc9-a2f0-4537-82a9-b7a023b5f84b.jpg,0
85ccb615-76ef-47b3-b9f8-4ede8a57d445.jpg,1
fab5978e-3492-4628-b952-3c0f97138325.jpg,1
e21b40bc-afa2-441d-845b-e7d68ab40339.jpg,1
1935a196-dbd2-4708-a23b-18fdea6d1c48.jpg,1
d04a34d6-ba86-4340-bc5a-aee7b4190553.jpg,0
bef02135-ce32-4ade-8f40-4596c5fb0539.jpg,0
d73d1b93-de43-46d3-ae10-2e14506bee96.jpg,1
941ef0db-188f-4e5d-996f-33401e931426.jpg,1
244c3c3a-4373-40b3-af92-c26852f9a2df.jpg,0
f04d511d-f71a-4bdf-9028-dafb599fc552.jpg,0
c0b6b5cb-ca50-4813-9f22-038e8bca7fe8.jpg,1
5b518920-fd0b-40f7-a85b-a3411e77ca29.jpg,1
3bae74c6-f7e6-4c68-a830-2e05301377f8.jpg,1
f3d291ed-84bf-481c-9443-99ca7cbe1473.jpg,1
da068a6a-6f36-4c72-bfde-fbbb5913fdf3.jpg,0
f852552c-87a8-433f-aecc-a5353cb0c6f5.jpg,0
8e25c4a7-7228-4b48-8919-42ce23ca4998.jpg,1
eea753a8-5796-4af6-be46-7bd8d569bc35.jpg,0
3666ce33-c2b6-4c75-b3c0-14133d9f8e49.jpg,1
38a30317-7423-45eb-ba99-21b28f99dd12.jpg,0
35044312-8e07-4738-8dfa-c87951f3ea64.jpg,1
34be75b5-e2fa-4621-9212-b8e5486cc468.jpg,0
8542e409-afec-4a58-9013-3c23bf2a04e9.jpg,1
7e61dc6a-d0e8-4621-a413-2d84a37977b2.jpg,0
bfc7fea5-8671-41b1-9589-0132599fb2b1.jpg,1
d93362a3-d957-45a6-8fee-d65e1fcf2b07.jpg,1
2173562e-39fa-4e99-a738-f8fe6392f605.jpg,0
a1d1b1e0-d8aa-4513-8223-8a1ef1ef2d0c.jpg,0
06376c14-de25-413f-8b6f-cbef4318f614.jpg,1
badac400-2f5f-4898-a935-63da50076b5c.jpg,0
7e94cceb-3556-4be9-b226-e949450d69e1.jpg,0
22a35d3a-30e1-4995-ad19-3272fb9a296a.jpg,0
bde878c2-a4bb-4999-8e05-6b52a60f2626.jpg,1
4631da8f-649c-4ba0-a5b2-2c047090c34e.jpg,1
efe034df-6aba-4954-ad7b-0b7e22110439.jpg,1
fd1441f8-6367-4e8d-a0ec-8d16e8daba55.jpg,1
502380f1-4db7-491b-99f4-95333eafb48b.jpg,1
b279e140-b168-46cc-bba8-c2cf2fa264f9.jpg,0
f3ebd531-fe3e-40fe-9aee-5097c7afa1ca.jpg,1
25b4ac73-1754-47f3-8293-9b0ab06c0c12.jpg,1
42fb3c3a-7dca-4faa-afad-2cb94806e36d.jpg,0
e50e54da-691a-4207-9345-bef25805309b.jpg,0
82993190-3fed-4dba-b93d-c721405ae0a1.jpg,0
e11e2a89-f07d-495b-bbec-600c76e4b4aa.jpg,0
2e2a4eda-8089-4c48-984e-b5540642f113.jpg,1
30d61155-3374-42f2-9041-1e0118db3027.jpg,0
0aa4c35d-1128-4175-af0e-d244ffee276e.jpg,1
dd6e4ae2-a08f-4487-a722-7dfc421ff10f.jpg,0
89ac468e-bba5-4c13-b64d-cf37fea5b3fe.jpg,0
e6b33053-4e67-4e68-8eb8-3a7f5bbaa368.jpg,1
6049452a-bed3-4a82-bb50-97eb420d5458.jpg,0
21bb78e8-4f0a-4e4d-be5e-ed37b717884b.jpg,1
77748099-1f5e-4c55-9888-7f140aa06a37.jpg,1
261001d7-90bc-4b1b-b31e-081d18a509d2.jpg,0
140efc06-5fad-49fc-b230-731dc503ec50.jpg,0
a6e4acbd-1f1c-42bd-a446-b93caae2d735.jpg,1
d8318595-cff7-494d-a3b3-369fa7380578.jpg,0
bf0b35aa-3692-4e61-b4e2-80944a9c9f11.jpg,1
de674e28-527f-4b65-9cad-f23c04fb91a9.jpg,0
0edce340-4c92-4696-9946-de109dff4c0b.jpg,1
a453e499-47a0-4a74-a4ac-6a832385ac9b.jpg,0
b55a779f-8d5d-49b4-a128-351aa889eb56.jpg,0
e707a733-dfbb-4473-845d-dcc6a844dbf0.jpg,1
a2a7d631-bf52-4aca-8ed0-558c43461a35.jpg,0
d6cb0038-c675-4604-be42-fd8117b6697e.jpg,0
3dab8d2f-f3b6-49fe-aa50-13db29387630.jpg,1
af4e9713-dd69-4081-a81b-39e891b6318a.jpg,1
bcadb953-757a-45bd-acb8-3ffc55a8e81f.jpg,0
d5bdcf92-08ae-4605-9585-b0328755bbaa.jpg,1
95173277-575e-427e-afb1-d9318adfa337.jpg,1
b94e805f-a6b9-46aa-a558-c37c9b1463f1.jpg,1
3cae45a1-a9e9-48b8-ab89-65886cf90ff6.jpg,0
b29626cb-81ae-4c8d-8415-e1503e6150d7.jpg,1
379f8349-3ad5-4da7-86a9-741681b1ee25.jpg,1
13986a4c-db30-45b4-bd5d-9056fd5479e7.jpg,1
e8e984b6-3e74-4d19-837c-91a2d858b775.jpg,0
568813ad-f8fb-47d4-8430-4c206bd769d8.jpg,0
9996a05f-f94f-4873-af8d-6053d052d2bb.jpg,0
28fc45fa-b928-4a2b-a15f-8d68de90eb0c.jpg,1
bd84b20b-9cc4-46a1-b9f2-972cc26c6580.jpg,0
a68d77dd-3d35-4663-b40c-367d9f4d5b09.jpg,0
0da7b75b-fc12-4c35-9904-3eb0c9da862c.jpg,1
4d6d536c-c2e7-4b4f-b7f3-114929dab1b8.jpg,0
9535373b-eb8b-4a67-937b-89ba953acd8b.jpg,0
8359601e-a678-41df-98f9-ad008ca8c016.jpg,1
ff37fb77-8db7-4dea-9825-0229216c88cf.jpg,0
94b4267e-5ae4-4569-9dc8-319a49f3064c.jpg,0
4256874f-767a-4873-a60d-29ca3972a52d.jpg,0
897eea3a-0880-47c4-868a-f62be9bfb146.jpg,0
17559c8d-39ad-469a-a80c-c96d1444dd77.jpg,1
ae39157f-d1ca-4666-8658-5a386e595f52.jpg,1
71e8daa8-99e1-4f7a-aead-c6f96c5b5af4.jpg,1
6da7fc1c-da03-4902-90c1-964bf62ca9f1.jpg,0
2823378f-5cb7-479f-85f1-1dbe7ad658ae.jpg,1
56981b11-7f7a-4789-b7d2-7463dcdfbd12.jpg,0
04e017d1-c27c-404e-9661-ed36c25ff6fd.jpg,0
db39369a-2d1f-4c98-b353-9b0c6b61a10b.jpg,0
fbaf76dd-93c6-4fd2-b3c4-9c3f48d677dd.jpg,0
51827f6e-fc42-4a20-abb0-cca31bdba15b.jpg,1
a9c260a1-3bce-4aa9-a0ed-6cb4c0192dbb.jpg,0
97b2dd2e-3413-445c-bd85-3c38df4eada1.jpg,1
0614ca7e-8b57-4181-a451-621b424a4fa5.jpg,1
4c869470-e68a-421b-aa65-ebad427d1f0a.jpg,1
278a81d3-deb4-4902-b300-8aa7e47337a9.jpg,1
c7f90d68-a266-4da1-984b-a9235bd7137a.jpg,1
a53fa771-8594-44d9-a963-835a4425f082.jpg,0
d1227962-44dc-44f2-94c1-24d45fde5c8c.jpg,0
8e3e5777-9b0c-4bfe-acfa-484b70c68f0c.jpg,1
4891987f-a983-48f5-9689-9dbb1cd82c3b.jpg,1
c04d75b2-3a99-470c-a5ef-7dd3e13e29cf.jpg,0
53683c0e-92db-4462-9912-9fe50a2a0e6d.jpg,1
200e62b1-6a3e-416b-83e0-a99e011c1b6c.jpg,0
58ccb99e-a300-4adf-bc63-3cd4e6815b22.jpg,0
3f7b518c-2995-47ad-8cbc-e5ce99ebda33.jpg,1
e1b7d8ee-d999-4537-8cab-fa3380eee520.jpg,0
30093762-2184-43c3-8c1d-cd1a041c7cc3.jpg,1
c3e3acde-209d-471f-9327-39ca5ed3cdd7.jpg,0
e81ab708-0be3-4239-8fd3-c05893c75c38.jpg,0
c48b06b0-8076-4dac-b573-aab8cfe0c24e.jpg,0
5bc14eeb-4ea6-41fb-aef2-5b764a2863c3.jpg,1
cb26b6bf-c158-4844-9383-63c41163a2ae.jpg,1
c86611ea-237c-438d-a99e-23b41b6a793e.jpg,1
4e7a9a96-cc04-4e19-bea8-19eca1582388.jpg,0
b7f933e3-473a-4872-83ea-e2c614322ec6.jpg,0
0951021c-b880-4e34-b0bc-478462ee0b44.jpg,0
3ec6f927-f7e6-40c4-8ae8-a08d2464341f.jpg,0
eb288ca8-6ca1-48ae-bb37-bdcf71fa0298.jpg,1
ae664e26-88e3-4e16-a38a-dc7da1f7ff9d.jpg,0
3f53afc4-d207-424d-9912-bc146f604a77.jpg,1
d3938282-c608-49e6-af96-5c9c96172f18.jpg,1
f1abc8ed-4dd3-45b0-920e-fd0917a70602.jpg,1
56ca2755-4c0c-4fbe-9683-4aea9d28adea.jpg,1
7a521ef0-b70d-4ade-9433-7013ef697205.jpg,0
682347bc-ca1c-4853-a19f-9f94d924425c.jpg,0
0ec80cc7-6946-4e3e-a08f-161e882b052d.jpg,1
581e87fd-6ac1-435a-85dd-2142ec70558c.jpg,1
1b0beff4-d330-48a9-acf2-a1fe7bc5bb9c.jpg,1
66da3c70-9210-44f0-b53a-6b8f7433bcfb.jpg,1
c919a3ee-ed94-4b3b-a01a-9b6001114842.jpg,1
1a398e0e-d8c9-4b9d-b5c6-802e9fa5770e.jpg,0
a08de25c-9b1e-443e-aa30-3c09d88dc2f8.jpg,1
b5882bc9-36df-4173-9a6a-2ea42085e0f3.jpg,0
87be2553-8f92-422c-bc07-5ddbed09d946.jpg,0
5fbea86f-72b0-4b59-8ac2-016dbd61e49d.jpg,0
56f791c5-a379-47e8-a0e0-733717caad4c.jpg,0
5cc4c172-774d-436a-9916-ea7c23993e70.jpg,1
b68d58d6-389e-4b62-b69d-73e21792e4ea.jpg,0
bca64392-014b-4ad8-a120-01f0af7a234d.jpg,1
44a30b3e-5328-4042-b54f-cbc8a5faecf7.jpg,1
974f2671-4d6a-4208-b14c-97206276d383.jpg,0
a9912646-ab46-4b50-b7e8-d0b989f4a186.jpg,0
8af5f79d-9295-4e29-bcab-ea0da2e75ba4.jpg,1
aeba65c2-c323-4feb-acef-4f6e4c26b7f4.jpg,0
87ad2235-b427-4470-a102-3115b5c69a97.jpg,1
2fe2ebe0-e92d-42c9-bf09-8caf49748dfe.jpg,0
f96592b5-bc5f-482e-9a5a-51e87051b56e.jpg,1
f00d6e4c-34ea-4208-a4ca-a24f9798b80d.jpg,1
c0265068-07e1-4cf0-bc3a-65ff008af22d.jpg,1
9b2ca212-38f7-4eda-aa29-9ce5886c7773.jpg,1
b2186eac-2a26-411a-a15c-d69ef5fbfbcd.jpg,1
c76a9bac-8f6c-49cd-ab63-8540930e40e2.jpg,0
a0b26fd5-0828-4506-8bf7-7c3672262b19.jpg,0
b9256ede-0ce7-433e-9e04-12af18025901.jpg,1
8a04b47f-7810-4af3-9126-c9fb96fdfc2c.jpg,1
928fa384-3cb2-46a4-9efb-4588898492c4.jpg,0
d9363e84-3e9f-410e-8d3a-4c4ee7105217.jpg,0
e80c6cff-8150-42a7-b7e3-3d54c6334604.jpg,1
cf1873ae-e42a-4411-ac28-ce198a5b48ef.jpg,0
49f62ee8-6ab0-4b95-a625-87e55dd7db9c.jpg,0
ba818e01-eab5-4a7f-a398-98cf5db2e768.jpg,0
c8f69cb9-fe99-4a12-b695-2122722ad4ac.jpg,0
394f9f31-f14d-4419-921c-664cc261a641.jpg,0
e3117948-16bd-4e90-9eb2-f692a89c7fb2.jpg,0
f6b46f99-e382-4cd8-a3f0-37f15476c228.jpg,1
b07930fa-8126-4507-95b2-0baa84606f2b.jpg,1
658e3674-b7c7-4f45-8973-d309f4e15e3b.jpg,0
2074c3a8-155f-4d30-9760-3e20c47188c8.jpg,1
560bac1a-c385-443c-a978-a63bb85157a7.jpg,0
98e02361-4b99-4b37-a900-b1c49e7c0e01.jpg,0
f0990f1a-32a8-4454-8d2e-e4ce4843cc75.jpg,1
635d8bac-edf6-40fd-ac02-00cb3116c381.jpg,1
3ced6201-b114-4548-b99a-6a66c8b9d5f4.jpg,0
f12b42d5-e7c3-4f4e-b309-eec8aa52439a.jpg,1
8255f873-22b0-40ec-bc4a-9cfc0e24e7aa.jpg,1
1d59da41-ac13-4e7f-a044-9ef8e9edbb16.jpg,1
f21b8309-f0bd-4efd-af0b-211e4c7d4848.jpg,1
9dca5791-8ce7-4cbc-9351-48ed610dde78.jpg,1
ae1b157d-dbd4-44d4-a54c-a9871d5e15f1.jpg,0
b05b2052-5ee8-4f7b-a641-1de72fe97968.jpg,1
0bb711d1-263b-4779-8adc-950c24984f7f.jpg,1
b89e809c-9cbc-4040-aa58-bc272fa9c2c4.jpg,0
4ae8c44d-b697-4ea8-9895-ad5ddb0b7d4c.jpg,1
f5775984-84f8-4943-b0db-780ffed546c2.jpg,1
c87f63d8-d3b3-484a-be5d-9e5efac00b3b.jpg,1
fc91753b-9170-4911-a135-096ec64a4bd8.jpg,1
d910f3bd-2db8-449e-a6c5-180bb1c89e3b.jpg,0
f690e1ae-c1af-4701-b4cd-1292c60a0d47.jpg,1
51df4c26-2421-44bc-9db9-95d6be4cc5fd.jpg,0
deffca5d-772d-4c5f-a791-08bf445af56a.jpg,0
803daa29-fed9-461c-81a6-b736504d9e7a.jpg,0
17e01e29-a55a-4c08-aa47-8d72b24728dd.jpg,0
365d8cc4-8cbd-4ade-a427-ff8e7d3a0b90.jpg,1
551d168c-b1d3-4913-9f26-d3be007c7f4d.jpg,1
8e155492-373a-4c93-b13f-82988748f1e2.jpg,0
07e84432-6a63-4b6f-a575-7d2223039240.jpg,1
f203b3bd-56c2-4424-aaa3-0d09c979c626.jpg,0
9329e398-dc03-4a36-a088-ae3985d628e3.jpg,0
66b5908e-0a56-4145-a2fb-b13843d0f4dd.jpg,0
3e76cc41-432b-4367-b9a2-67dd7e092bb3.jpg,1
bc005553-b426-4543-b0c8-9ec66eee7240.jpg,1
5256a679-f7a1-4c7e-a35d-0610cacda589.jpg,0
7fb55c89-3931-4f2c-8854-291c9624a01b.jpg,0
22587d1a-4d82-4b37-a4f6-7da26ff87e1f.jpg,1
192d07c1-d12a-4298-a8b7-d53b2310d165.jpg,0
13ff238f-bb6b-413e-a537-e4fdbecc8fe0.jpg,0
6e48c5bf-64da-4e5e-857c-fa3dbf4d1b16.jpg,0
ddd43cde-835b-44d8-92b7-6418bb75826c.jpg,1
aa155ede-1112-4650-8fea-95ffbf590b9e.jpg,1
9ad5b3d8-65e4-4bca-abda-5e3a10383eac.jpg,1
26b51c8a-6746-4790-9f90-ae21686e56a8.jpg,1
f5b0c2d6-c04c-44c4-9905-01722a91b10c.jpg,1
ae1a7a5c-58e2-4d9b-bd87-09c7a8739b27.jpg,1
b118903b-48ae-428f-8b61-37a4d62c8e64.jpg,1
e5199941-65d0-4860-84c1-40f877e3d716.jpg,0
d9a6a587-a23c-4182-bdc6-91f1d6127058.jpg,0
79e9710e-d3bf-465c-abdc-e1cc461624e1.jpg,1
6a341e65-08c9-4ca3-9348-c8cff4ee541b.jpg,1
75830b21-1de9-40ea-bd65-ad96c1b9d3f2.jpg,0
7388fc36-02ab-4679-a5ee-73dfbaff755d.jpg,1
bb25ca6b-8984-4fef-b948-2e87c61dcaa0.jpg,1
510d09c5-e1a9-450b-9319-1ee956bbe652.jpg,0
e4c766bc-3fa2-4801-971b-d54406f346f8.jpg,0
956c2dab-0c17-40ca-b789-2c12237e3e1d.jpg,1
bada6418-2899-45fe-b51d-f702c4694e31.jpg,1
229ed925-5df7-4f37-9e0d-c107243b695b.jpg,0
4d9f7c3c-14ce-4961-8627-c882b0ce1b7c.jpg,0
8ed7abfa-4207-4cec-82b9-cf086405df29.jpg,0
12da601f-709f-41d5-879a-8a4f10183ba6.jpg,1
17a096ff-f9c3-4446-baaf-7264de016c37.jpg,1
2cb84cff-9dba-4a79-b609-9fafeedcfd99.jpg,0
b8307506-4ab4-4989-9f4f-5d8c0551260d.jpg,1
317a95bd-f668-4d89-821d-ba4027f3e82e.jpg,1
1e302947-c380-4266-b131-15117b2df562.jpg,0
1ab7254f-17c1-4d01-bb95-15e77154d9b6.jpg,1
808e9415-814f-4766-823d-254975cf0195.jpg,1
88d27c9c-1cfa-4663-a33e-26f4d462cec6.jpg,0
e43440e4-8ac5-4406-8595-71c68dfecaf6.jpg,0
96ffaa66-bebc-4d54-bea1-f20da353bf55.jpg,0
1c3f0089-d6de-4784-9d51-e602aa26aa69.jpg,0
0b71745f-e484-4593-9f76-a0b3c32f116e.jpg,0
acd2fa1a-9898-406b-8657-5630f3c38db7.jpg,1
7833dfef-2c4a-4ebf-bd6f-57dbc86c8db8.jpg,1
5eb56fd2-0e80-469d-a805-0a0e2e923934.jpg,0
4d6593e5-d2a9-4fff-b5af-3084113a4535.jpg,1
d395337b-5d8f-4c65-9f39-3a1d343d33c8.jpg,0
3e25c195-3f02-44c4-86bb-af50545beb8d.jpg,1
b8a46cef-854e-4896-990b-c95eceb458c1.jpg,1
553bbe90-ceef-4c28-9b27-f0eb6934ce38.jpg,1
1e752de1-5d4b-4bca-9502-295f858eac58.jpg,0
2fe7ab0f-3028-497d-8090-65b4c9dc7a41.jpg,0
f3f7bfff-1271-479b-b59b-27c87bee1730.jpg,0
8aaf8428-085f-4cc2-be0f-89a818dfbf4b.jpg,0
873a95a6-600b-4bcb-a4b9-315b792595d9.jpg,0
be97ebdc-791e-46f4-97b6-f2b9636b6236.jpg,0
b12f4637-bdbd-4ed3-a9d0-e48a0eed3219.jpg,1
cc437778-f20e-4d01-aa44-631767fb12f9.jpg,1
69c49865-1644-4310-9b26-0092e1d48069.jpg,0
f9952218-78ed-474a-8e19-0b88d3cfca1d.jpg,1
6605c692-6873-4706-ae88-dc981278d436.jpg,1
0d4db2dd-ed14-4202-a755-d16ff75c04b7.jpg,1
c16bf8e4-d5dc-493f-9402-2967d249ee4d.jpg,0
86b0ed7f-4042-4691-a31b-a52c91ac576d.jpg,1
1ae89e98-9799-49d7-b8c9-b9772a04dfbe.jpg,0
61a00061-62c9-430f-8969-955bdf0f7491.jpg,1
b8e10cf1-ecf9-4f37-a1bb-f90e21f09499.jpg,1
5e1e1d65-64eb-4a4e-a192-35438a916c4f.jpg,1
35e8cfbf-500f-4fe0-8672-936d664e0df7.jpg,0
d4b81a55-714f-46b7-a9a9-4a6e990c04d9.jpg,1
a77dab8d-6e47-4fe3-a998-9ab20576d511.jpg,1
8214e974-87fd-4a96-b515-cd718d20eb3b.jpg,0
d3a5f60a-3946-4bde-a796-1fefd7ccc4e7.jpg,0
de606f06-bbd5-4209-b32b-754f3e39443a.jpg,1
a5e9d2bd-e11e-4c17-9ae9-a9703969f1ed.jpg,1
a81db2c2-53af-4ba0-8a49-d241aad18618.jpg,1
c080bcb8-ff71-4d4a-b0ba-d5c3c9f11b52.jpg,0
cc696a6e-6820-4c04-afb2-1b1a5a7a1bde.jpg,0
e25b7794-badf-4228-aba4-1c18cbca3c4e.jpg,1
02ade214-f576-4867-8c55-62bccdc182a6.jpg,0
5af0ff2e-cffd-4298-ad72-f13f991f7e7b.jpg,1
3cfa865d-ca0d-4c5a-91cb-4e665d182953.jpg,1
5989caf4-86fc-48ef-bc07-5f6a1a2fd000.jpg,1
96897738-f35b-4ee5-829b-ff5ce4f67d2b.jpg,1
f1b405e7-326b-4fc9-ab2b-3596e23f5a5c.jpg,1
a4415c93-99d1-42e4-b5af-93f914a4d2ee.jpg,1
540e9d4e-308e-4f26-94fa-e6a6e262b88a.jpg,1
02d56acb-e4ce-4b8c-869d-0a619f43b953.jpg,1
28e429f2-8e87-4821-953b-f5c91bc76c88.jpg,1
bf5a6d26-ffc8-47b5-8efa-7471d6ec863f.jpg,0
af33aeaf-9ab1-4a20-97f6-48082aba8be6.jpg,0
6c6fe374-ec90-46e3-af73-899a5f49ac60.jpg,0
6886a8c1-0f31-4e2e-ab44-9061050cff88.jpg,0
bf306be1-9aca-4bf1-b508-4334e4ee0daf.jpg,1
b3a98244-d5b5-49a1-a085-30431eb7f47f.jpg,0
ab00e40b-b607-49f9-b38e-d475e566e907.jpg,0
d915cbe4-2f8b-441c-9d9b-e0408cff8f68.jpg,0
63014a17-5b1b-457b-9986-8227f695044a.jpg,0
db37e05a-af42-44e4-b6c7-abab43ac43d9.jpg,1
5af41d65-d894-45e4-a486-21b9b6a754b4.jpg,0
2546220a-ed23-46ba-a18a-94d365a881ff.jpg,1
e769c8db-4ba9-468e-bf41-a47478c0dc24.jpg,1
d44f63cc-2caf-4e7e-ad07-a5b51155a8ee.jpg,0
2044c306-669e-4d00-a27a-76e7164e46d2.jpg,0
5432349a-4270-4d1b-9f16-7a2cc4bb8237.jpg,1
ebc0eedf-4eab-4e1b-afe6-1d5dcbf4d107.jpg,0
f157f865-cf26-419f-88fb-5d84ced30f4f.jpg,0
6ad339fc-db3a-45e1-9ed2-b45a41a021d5.jpg,1
6727ca37-5345-4613-bf40-f1b0bccb64ea.jpg,1
5d1d54bf-b70b-44fb-b57b-6070dba72c1b.jpg,0
942a695f-f077-4b97-865a-797230d79e50.jpg,0
975e11d5-1880-4684-8d1d-f4e61d570217.jpg,1
021df7ff-01d5-405f-aa0c-a55076528ccb.jpg,0
ee0b359d-e29a-4fc3-84a9-33ffc7f5e3b5.jpg,1
76f02c47-d129-4774-8372-aa96cccb5041.jpg,0
1e9dd8d6-4ae0-4786-8655-26863cd2ad84.jpg,0
0b8023f3-e3ef-43b5-a519-1c262baefca8.jpg,1
4dfe79a0-68ef-41ce-bfb6-2509cadbe088.jpg,0
70571be3-6f54-476b-8944-cc8cfabcd7c2.jpg,1
921dc1c3-d96c-4e40-bbad-579225ed92b2.jpg,1
4a9e9790-1343-4a44-b858-6bebc2ea24cf.jpg,1
edf87fb7-82dc-4506-9b66-a773d95bf569.jpg,0
e816bcf3-949a-4f95-bde6-92e0fd889ce8.jpg,1
97b53241-aaba-4dfc-8b04-fa6a27c518c3.jpg,0
db45b7c7-9cc0-4ea9-8e32-2d814883898f.jpg,0
9a458b50-a120-4723-8c0e-310fbd35395c.jpg,0
f5b56801-359c-48c9-abfe-bbc00df41230.jpg,0
ebab5957-fca4-4fba-84e3-5a3528bb4369.jpg,0
39d16c95-447d-4627-b4af-098feb933b37.jpg,0
2671d15f-bfb1-405f-a539-a42037ecc3b3.jpg,1
db886876-b707-4688-95b7-b955f23dfacf.jpg,1
b0cc4a91-cbeb-4abb-b1f2-f9884150b950.jpg,0
953c58b7-57c9-483e-accd-e2a8fefa5e93.jpg,1
7524655d-6985-4c0e-8b2e-a303605d5cd9.jpg,1
87d8c756-63e8-4e72-b5e7-66012f04653b.jpg,0
b0b6f85e-dfcb-4934-8bda-44471671afc0.jpg,1
b4f363bd-392c-4302-829f-78a96bddf648.jpg,1
baca218a-afdf-440f-9f5d-59dba16994c2.jpg,1
a307e2cf-93df-4233-8b78-45d9bc274965.jpg,0
157ba284-e9bd-4c99-ae65-01201bc04500.jpg,1
b76cf7af-4fa9-4350-ba1d-837cad650d0d.jpg,1
3367b412-ea4c-442d-a69a-3966e6da7a00.jpg,0
e73d5142-f783-42c8-87be-57c6e004b77d.jpg,0
b020cda0-0e32-42f5-a6e0-4fd2a5999457.jpg,0
ac4e9f20-ae17-4594-88bb-0678f6147a9b.jpg,1
a9c36ec2-314e-4a14-85c0-8c17d47d9ee0.jpg,1
3491357b-0f4c-4b78-adf2-99f6f0e0f6b1.jpg,1
ef150f60-73b1-46c2-bfe8-f4fa2ff1be66.jpg,1
70c858ad-9445-4a9b-af9f-396fe7de7445.jpg,1
cfa58e9d-9e18-40fc-83fe-bbc0323b2ea9.jpg,1
c39c6be8-384d-4f28-86fc-b9cdae58ccfa.jpg,0
1322a89e-1710-461f-8427-69ff41360f6c.jpg,0
4c373c47-d755-4b61-ab89-71aabe313e2d.jpg,1
afe34549-f23d-4672-ab9c-535fc73bfcba.jpg,0
417506a1-cd60-4fc8-9d27-913efbe45bc3.jpg,1
aca2d065-05ff-413f-b753-324a0fc3042c.jpg,0
b32181c2-8101-4139-8b5c-64357483005c.jpg,0
729f9830-b4b7-451f-b55a-ff98b44c9ba8.jpg,0
16daca27-b495-4cab-b599-5684476a0232.jpg,0
b380ef23-d4f1-49cc-a0e3-b8a9ef83c96f.jpg,0
fa55c574-6ee4-403e-b28a-5682037e9984.jpg,0
b8fcdf62-9d12-4cbc-a7b7-2b0d6a508512.jpg,1
b140b8c3-c846-4203-b423-ed96ae97d1dd.jpg,1
024195e4-15de-497e-87a4-0423c5ec71eb.jpg,0
c9f6d795-ae82-4fba-9e40-1b72157c4d7e.jpg,1
ee40f807-955a-46ea-af07-e12d12c81ac1.jpg,1
d5f543c7-c19c-4cc6-92f0-d2bdd163955c.jpg,0
60070cc6-c589-4dc0-b2e5-23cd4177f7fe.jpg,1
184a1356-5256-4f8b-b341-4db5855813e2.jpg,1
dd64635d-d435-4357-bcda-59c2fa55f24e.jpg,1
ee0daac1-289b-40ff-a42b-efbb6d76c28f.jpg,1
c9715cf2-d4a7-4903-ac0a-3de3042a8888.jpg,1
e36b83bf-05ea-4ae0-b5d2-5b98c408b58d.jpg,0
0ceb03fc-3d1c-49ec-83b8-af3a43998412.jpg,0
f60742b0-846f-42a3-8f98-fc154e022808.jpg,0
fd75e638-e87f-486f-bce3-400c8a70d804.jpg,1
23f9bf3d-3a35-4808-aa41-84d3cf0f7a94.jpg,1
1ad0913b-73e9-4ac3-ad45-0cc25e1f94a0.jpg,1
5bf24c78-1431-4044-bf40-4fd38c3b9fd7.jpg,0
44deb485-17a3-4496-8c01-e602679585d3.jpg,0
d95168a9-d5e2-483d-bf92-780290eb9f3a.jpg,0
32d56433-d367-4eaf-9a21-c93c4120fd63.jpg,0
ce11bf61-ef63-437e-919f-63fc43435a0f.jpg,0
6ea2a4ea-60c7-479a-aa5a-90bec8a212fa.jpg,1
945b84a3-0dd6-424d-8889-316201569389.jpg,0
6a33291e-6dff-4dac-a29d-c17c466b8340.jpg,0
1a4e3de6-5cdd-4276-97a1-3b4f53753efd.jpg,1
761e064c-26d0-400d-89ab-dd6d7240a80b.jpg,0
e3aba313-2ea1-4ed0-b150-e48e5233f09f.jpg,0
cc58f5b5-c145-4c72-a2b8-aa3f3138abd1.jpg,0
25f09bc3-29c6-4ee7-8eeb-9050042b5318.jpg,0
2a274721-f71a-4023-9a19-bb0431587fc3.jpg,1
dabe1e87-0ab0-4589-a7fd-f9d4901e6a01.jpg,1
ffebe94d-462b-44fd-947e-b41e269b8417.jpg,1
453d375e-3a48-4462-95ae-2fb46ae7c4c0.jpg,0
94160557-75fb-4aab-8d79-1a159a15c3d7.jpg,1
3aadb115-a2d0-4be0-b0f8-99090e9fc0c4.jpg,1
f5329c55-85c9-4c67-abf1-403738a825e5.jpg,0
79b12e36-632e-4980-b806-050de622c1ef.jpg,1
c19999b3-b700-423e-8c01-fa6d5f1df74e.jpg,1
97803a0e-352e-4cb6-b9a1-5a4da50988ca.jpg,0
04d6057d-0383-4f62-9206-477070fb390e.jpg,0
0870aeef-48db-47cd-8413-e714e6be8681.jpg,1
f5e6d7e4-21db-41e2-9741-1cf50ef771e2.jpg,0
e62938cf-5f99-4010-801c-42487a59ae36.jpg,1
a796a3a1-4162-4a53-a4fa-97bbd946c78f.jpg,0
7758c878-a56c-4c9a-9142-50e58bc43d06.jpg,1
98868fc9-3daa-4ecd-9324-c51fc2f40fce.jpg,0
1ab10fd8-4172-4246-8747-83a0228cde21.jpg,0
ec8f6a42-0f23-4fb8-8121-373acfbc5840.jpg,0
db61fbcb-0c30-41a1-ba12-75b36565edf4.jpg,1
5753c47e-e020-4665-81d9-56708d3c8aec.jpg,1
55a67283-3d66-4065-b2f0-12398d1e5a3e.jpg,1
ae3e2c5a-59fb-4b64-a604-d79180342c52.jpg,1
fe42da9c-be6a-401e-9930-15cab59b8295.jpg,1
00f36333-4638-4a3a-a452-390af624bea9.jpg,0
cc908834-24cf-45b7-8351-19fc4e9d5d7b.jpg,0
73a2e9f9-fbb4-4d0e-b41d-fbca5df83b8d.jpg,1
261e2cb9-fb9d-49f3-81fc-efb6d28ed7d4.jpg,0
3a8c6d67-fd68-455e-9eee-87a56079c7c9.jpg,1
3e70096b-f12a-4ba4-8b21-7d3c170b0a71.jpg,0
8a935ed5-67c8-4f74-8e6d-db568bb8b67e.jpg,1
23d761d2-322d-4b88-a11a-c900f62ec11d.jpg,0
a0894ee3-3aa9-4953-a09e-fd99f5f56222.jpg,0
de56a035-57aa-4dae-a7df-7a88bb4f9598.jpg,0
1dcb0979-81a8-4730-a599-993b1fc915d1.jpg,0
31282fb0-73e2-4e56-833e-700f3f98e44e.jpg,1
9bdaffa3-2a54-45cc-9ce2-494a0b0517a7.jpg,0
48e3a9f6-f2d1-4e0f-9d0c-53dfede1a12b.jpg,1
252678a5-d366-4047-98df-7945cacfd4c5.jpg,0
6057ef8d-9784-43aa-83fe-6b385ee2feb2.jpg,1
dafd547d-c597-414a-975f-e972a9aeef09.jpg,0
744f8bd1-aa5b-4cbb-8c95-5a4c95cc9533.jpg,0
6f327753-2297-4a78-8b03-47f648297606.jpg,1
b0bd3b54-7abb-4dd3-8f20-0cb4b6bfabdc.jpg,1
39fe1c08-15bf-4270-b1d9-0c60d5f9255e.jpg,0
b314614f-85c3-4fb0-9098-9dff240f97b0.jpg,1
0a4a4858-c488-43ce-85b6-21575836c453.jpg,1
305af9ba-e279-4fe2-97f2-7dc1339e36e8.jpg,1
ba1cfd75-7fd3-4010-a474-f1a29c305ec8.jpg,0
c3eaf8a8-08d8-479f-a974-7d910eea6480.jpg,0
705883c1-8753-4d06-bbb6-5d11fbe65dc7.jpg,1
bb188fa7-ddd5-4ac6-92e5-bae6f07faa4a.jpg,0
20aa798c-9cb0-43dc-8b53-31b2fafc85ef.jpg,0
618363d3-8a1a-4a26-a6e1-b6c46e640b59.jpg,1
527811b5-6d78-4b3c-88c2-9687a921bac3.jpg,0
b620ca2d-b408-4216-9e06-dbd93b1fe4c7.jpg,0
d7de6a5e-cf1c-452b-a40e-5179b08a76bf.jpg,0
82f09aa9-43f5-43eb-aabc-b2688c9691b8.jpg,0
389c22d2-80df-45c9-8207-9afa6019ff2e.jpg,0
1f2e43e4-0412-4b33-a3b4-3887837cf046.jpg,0
233b5306-ecf4-41b6-9507-03d14040dca2.jpg,1
851a0c93-8d6b-454d-a20e-9a71f16f6eb7.jpg,1
bb775a36-d53b-4d26-a992-04525b3ae26a.jpg,1
b6c792e4-c727-4761-a653-e12f193afbed.jpg,1
c13bf37e-c08f-412f-8490-1d557887f57e.jpg,0
1f4f7635-e4cc-4a73-b815-dc07654ebbe3.jpg,1
49e637dd-2fe2-493c-959b-fd1bbe6650b9.jpg,0
8383c520-6d51-4708-8184-09a962a99626.jpg,1
67117c0d-4c4e-4c13-ab07-873fc67cb733.jpg,1
eba2f8ff-3cdb-49b2-bbc0-65068c7cf7ac.jpg,1
12ad811d-9121-4ce7-ab45-c02b77ad851b.jpg,1
61851956-4903-4e8a-95e3-3f634026034b.jpg,0
ec6b6ff7-e414-4c04-b933-496b3f0a4316.jpg,0
6e533b12-4c68-4673-b883-5c772ce573c7.jpg,1
0c5db348-a012-4e3f-b1a2-7ea98b3780bf.jpg,1
d2be74e3-a4de-4ab0-86d4-93ee10a4c3eb.jpg,1
a2c57181-61c8-42f3-8418-8e5b67f6644c.jpg,1
bbbb03ed-b341-4bc7-b3c2-7d74e7974844.jpg,1
c7ce1b7f-75da-43b7-aa94-d754dfabdeb8.jpg,1
fd9d585f-5444-4722-9488-1dfa0fd0d6ac.jpg,1
6e33be8f-1b98-4098-8aab-28eea4a6d9c1.jpg,0
b112a059-9aed-4932-846e-59c2dcff8cd0.jpg,1
a5380af2-a803-4bef-bd2e-020162732f9e.jpg,1
01278d87-a9b1-470d-9a17-68329d2abeaf.jpg,1
3671d946-b63e-4c95-b003-86ab0723880a.jpg,0
6d29c8d9-733d-47d8-adee-704a6d955628.jpg,1
277706de-ca3d-48bf-a413-26f5d1d7fa4d.jpg,1
bea633d5-e7e5-49c5-95e1-155659a3c97e.jpg,0
e67cb1a6-c923-4fb1-8700-b4cf1f1505cb.jpg,1
a209ca95-c140-44a1-99fb-117fce370a2b.jpg,1
313797f1-db5b-4d4f-9a7d-fa8b81124196.jpg,0
75e75f54-a7a9-4ef3-a938-204d024446c0.jpg,0
0570ff8c-57f6-48d9-adfd-3021018c26b1.jpg,1
c4324d9b-ee5c-475f-975e-c8bcfb41a245.jpg,1
3ea7a3a3-84ea-42d3-86fd-b656824bc6ba.jpg,0
fb4e5319-e132-4f3c-baa2-1aeb64262fea.jpg,0
83f15e76-ec20-42cf-b919-6d74e589a2c3.jpg,0
0ccb4504-2e14-4a26-ae68-c57528dbdad3.jpg,1
866e5ecb-15de-4430-ba43-be8ebf9411af.jpg,0
946977f9-068f-4689-9818-8501a37049db.jpg,1
fab2d9b0-edf5-4db9-944f-3529da8ed84e.jpg,1
d03f969f-9442-4da3-8f4c-dd0f3ca73d1c.jpg,0
055e8137-1910-4f1b-90a6-8258a9f4490a.jpg,1
a196289c-3453-4472-842a-08511d96cfa5.jpg,0
8c7a68f3-660d-4323-98c9-2b048d7b139c.jpg,1
f7bd268e-1bb0-4f85-aab7-4c4b17fe5eb6.jpg,1
fa293f79-1ae5-40a6-935a-44c867b132ac.jpg,1
a24c75df-b42b-4a02-a90a-24a855604d8b.jpg,1
042e5981-8d7f-4f6c-9787-eccc55dc0d22.jpg,0
085813fd-689e-4572-9950-494678b9c972.jpg,0
78e9fc01-9e66-4470-9e34-c07aa7ee3426.jpg,0
c86a3aec-4adb-4e6c-8e40-f8ce23ad21a9.jpg,1
bb3da02e-d6d2-45f6-8daf-b60a49f37a9b.jpg,1
a85167df-bbc4-4a69-b3ac-2c1a4da0e504.jpg,0
1aff74dd-bc11-4413-8a17-dc70c02d82a8.jpg,0
7d84d466-0ab2-40cd-8301-3a4af857b7fe.jpg,1
da4f83d1-77aa-49c6-a4c6-a34a5653e314.jpg,0
0429e5c3-1421-4f3d-9e24-4df5df7f6945.jpg,0
fd9bb424-147e-4512-b17c-931e1618238c.jpg,0
7fa0ec9c-1abd-444f-9745-31adc0f05356.jpg,0
a4e9fbd4-b600-4686-8ecb-d11b9f3d4acd.jpg,0
f210bb5b-7d50-478d-8d34-6c8ff6e5ff54.jpg,1
730116ae-15e4-446b-b3c5-bc7b3b8b7739.jpg,0
c29fd881-0688-442b-a0d0-b607d45cf240.jpg,1
82442a53-af00-40a0-9773-9c257c0e3588.jpg,1
eb341534-d3ec-402e-a09f-d327c6a124c2.jpg,1
59555976-8585-4f1b-bf0f-b92fec8c8f0a.jpg,0
6bf38a16-0ac3-416c-b08b-4e11d96260a2.jpg,1
5efbf339-19a4-4688-889a-9fe74e0e1b50.jpg,0
000317ef-6928-48ca-9b51-7742ab8dfb86.jpg,0
ea10cba1-4c06-4233-b524-3019acd97af1.jpg,1
e805140b-095e-4ae0-bce4-095b3c1ba9b1.jpg,0
f405d337-9405-4ed1-ba92-ef26bb2992e9.jpg,0
5a327dfa-dc1f-46c4-bf09-d23f9150cc61.jpg,0
994e3e8d-db9b-4917-8e8f-89ed3b765575.jpg,0
8e8325d4-7fcc-4a74-b423-18d7b66180ae.jpg,1
8b88e7bb-decd-4d6c-bf84-d5dfed0d3e2a.jpg,1
bcc74e67-2187-4b88-9552-934ba937a832.jpg,0
fe9c987e-d15f-4471-8b41-ae7e6e46f3e2.jpg,0
9fb6cf44-024a-4fe5-94f6-d534c49f2313.jpg,0
503c572d-dded-4cf8-9be5-484ebf8982e4.jpg,1
edbedf46-dad6-4c08-ba16-5c37b1433e7a.jpg,0
b9d1e0b5-6245-49f2-a191-eb65c26f661c.jpg,1
87cbc5b3-f730-4e22-833e-8ea5a8bc8847.jpg,0
37169b32-e1e6-464f-9f42-4c338e69624e.jpg,1
2ae4d42f-9cf4-4129-8fc0-d96573ede540.jpg,0
9cdac9b8-38e2-4224-976c-0d655b5a9dcd.jpg,1
92bfbfaa-2ced-4fb1-92aa-726b715e1ec8.jpg,0
ad2f68fe-c385-43a6-a59d-8105c0522469.jpg,1
5ed37e40-de18-4df8-9eb5-ccb6d81e19f7.jpg,1
c1e1c76f-213b-4b22-a376-0494f51c3aa0.jpg,0
fa90152c-3916-493f-afe2-42c6e59d7732.jpg,1
c12bfb8e-f219-49fc-bf7f-7138397104b7.jpg,0
22776269-154b-455f-8621-f2149353071c.jpg,0
e53b8216-42d2-4aac-8c14-f2205a93cc7c.jpg,1
2e54cbb9-15c8-460f-a452-c8cb3d236683.jpg,1
59bbd815-2310-4891-b689-31a85568a002.jpg,0
110cd321-fe53-47ad-8f42-2479eda8e9f7.jpg,0
76748c9a-2a6c-484c-b612-601f7e3238f3.jpg,0
ee5c5b13-54ac-49f2-b36a-9a47bee9e880.jpg,1
87a1b41b-d61d-41a3-a365-25d534d9e2b7.jpg,0
bf355746-0810-4e4e-9edb-13db4e828b63.jpg,1
385889e6-ee7e-49ce-8c3d-953c58fdbf9d.jpg,0
934d7145-6716-4013-a956-da974283623b.jpg,0
17b00ce2-1df0-4ff4-99f5-0e58824db130.jpg,0
b439579e-f74a-4985-87a8-e0be7772140d.jpg,1
336c95b7-cfe8-4f2b-906a-2048b2e4cd3d.jpg,0
ebb41bbd-1055-407c-81a1-b591e73f72f8.jpg,0
4539502f-13a4-41d4-ac91-cf562531eb5b.jpg,0
7ced51b5-e0e9-4b5d-8618-fae4b5a3ff9e.jpg,1
f3a2994b-4e03-4353-8f51-a0ebf00d1ccc.jpg,1
d631ec5a-289d-423f-ad79-0fe9e44b015d.jpg,1
dc5a9fe6-d02f-4cca-9b04-be536bfb748d.jpg,0
ba6aa2e1-d385-41d4-aa1c-cc57f0cf79c9.jpg,1
f6540a00-85f2-4ec7-aaf0-5cba51e36b93.jpg,1
eb2e7300-e8eb-4a51-8227-ed2da6157668.jpg,0
991a893f-d7c7-45bf-bd5c-6551af96be20.jpg,0
30d8ed2e-1e9a-44b3-a918-db8fd292073b.jpg,0
44eab336-6d00-4f91-a5e1-a60c33ebefa6.jpg,0
82cde3f9-b551-4fb0-8d5a-ec7efb56c922.jpg,1
8e0b4edc-4728-4215-9d47-a02f44df2b4e.jpg,1
bc4bda2d-6a1d-4825-a57e-bf7d802f0c2d.jpg,1
cde0d920-c505-4889-9499-cce11029651f.jpg,0
89d04f03-3a2c-46d9-9bf7-90434c4b88ce.jpg,1
46ad1303-fd9d-4e0c-9abb-658667045865.jpg,0
cbf1b582-2270-45da-8c2b-d2550edf1dba.jpg,1
5bbb719a-af4f-4bb8-b1b1-625d03c338bc.jpg,0
0ba2fbd1-a424-4c0c-8453-657b6f0b5411.jpg,0
11ff87e6-ded2-4236-bd0f-12916d38f95e.jpg,1
99dd964b-389e-4df9-961d-e826b0174816.jpg,1
e469c176-9ce7-4fe5-b417-4580095080ff.jpg,0
7d441f17-fe28-49c7-9928-e24c2d242aee.jpg,1
46046c5a-f9f4-4a57-8022-c5bdbce6c4f2.jpg,0
efd073cb-91f5-4ab2-860a-23589799b326.jpg,0
f7e1ba1f-04a0-4d7f-9079-a09927f1385b.jpg,0
1a6e7e1f-22b0-41b3-af2f-7cdfb87e8aa6.jpg,0
82afba9c-3533-43b8-8673-924df659de33.jpg,0
ffe45bfc-1251-44f7-a06a-43693c9d9ba6.jpg,0
fdfdc265-2d22-4862-88b3-50885155f1bd.jpg,1
0fd1399a-6b49-4e7d-ade7-26331282f33f.jpg,0
409569cc-4e00-4bfc-9af5-fb0523490dc5.jpg,1
1fbaf3d6-792c-4e84-862b-5eefc2202f07.jpg,1
34996e0b-fe94-40ad-99c0-6109fb5d290e.jpg,0
4fe10597-d98b-4c41-9ea3-c912d924fff5.jpg,1
dd39e169-5a67-4efd-97d6-0ff16f44d6d5.jpg,0
9c01fea4-f2fa-4a6a-9cb0-f9aa9fd854ad.jpg,0
5b2620a1-50b3-49d9-bd2a-82a121dad0d5.jpg,0
a34e234f-94b0-4607-ba44-e34d06934956.jpg,0
119b208f-50e3-47ca-a881-f5a5ebcaaa8d.jpg,0
5e56c7c4-a8ca-42b6-86b2-42d2e5087d77.jpg,0
2d1fa3c6-3943-49d9-9daf-ab094781ec28.jpg,0
7d9bb13a-16b1-45bd-8f91-6c87f39d2cf2.jpg,1
8b20cc01-48b2-418b-ac2c-dd264482f92b.jpg,1
d0f149ad-c6ff-48ed-b06d-add867277e47.jpg,0
42087046-9e1a-4d80-97ac-a430b2d83e01.jpg,1
72ee50fd-5d33-4c2e-ab48-2ff99428c194.jpg,0
c7698717-61bc-4d2b-8caf-06a154992116.jpg,0
26328bfd-02f5-444b-8523-81af31da3b8a.jpg,0
669c49c8-27fb-440a-bdc2-5a954f130040.jpg,1
9594b2ca-8959-4509-b63d-6177d80ee901.jpg,1
bfdbc34a-c21f-470f-ab6c-466c92d77443.jpg,1
76a97466-4a45-4e4a-9f27-d5579bcf9718.jpg,1
b9769a6e-b489-487b-84d1-692eb37248b0.jpg,0
6be860fc-3fb0-4667-8aab-0e3d7ec8d4ea.jpg,1
e7ae058c-8efd-427b-a87d-bc6440e110f8.jpg,1
ca5d02ca-46e5-4a46-8979-a10b9f63e55e.jpg,0
b663224c-eb19-469c-b5d4-dcd20f300692.jpg,0
e61c7084-be7d-4cd4-add2-7508c2ea82db.jpg,1
90532e99-e6de-4afd-a949-76170417d38b.jpg,0
d9e0deb3-f95e-4456-b11f-c57f256a9b4a.jpg,0
4c898b17-f100-48ce-ae55-480af56c46da.jpg,0
8d62af8c-6a36-4cde-a6ba-e6bd3766b8b2.jpg,0
f76d235a-bfda-4cd7-ab10-01c117c1e65e.jpg,0
dccd8c22-6acc-4fae-8781-9489d6562689.jpg,1
acdde956-59ce-4379-a6fa-2c36e9eaa418.jpg,1
7c9a29e4-a52e-4fcd-95d9-b646d65c7a22.jpg,1
1d16b82b-306c-4cfa-b814-763a19b78e65.jpg,1
bda2e463-2714-4f29-b92d-d913650c34d0.jpg,0
5c4f5b3b-ffd9-4f78-9195-846e7f2a56e5.jpg,1
c866e2ee-8d09-463c-b03a-9fb7aeb42bd3.jpg,1
67c5f118-2d28-44ff-bc69-52d89699cebb.jpg,0
fe6f2dc9-4627-4575-86d1-8d6dc61b694d.jpg,1
d1ecbd3c-d81f-443d-a038-371c59c4b7b2.jpg,0
9cdeb241-f723-4541-b071-3df6e6bf13ee.jpg,1
09e4fae7-2026-446c-9fa4-bf6af09085be.jpg,0
45a1cfa6-bedc-4cc3-8e41-a37615926818.jpg,1
4b59bddb-2825-4bb3-8c48-db8c0e893f24.jpg,1
862cf766-1ae0-49e5-8b74-4e6f494b8a00.jpg,0
a0dded2f-57f2-4cac-8d57-098add9113bf.jpg,0
b6457a40-3376-4096-a004-4acb1a833ff9.jpg,0
098f9493-2556-4dc3-a54d-608d82963a39.jpg,1
84619d08-a2fa-4224-8fc5-9d84b4225524.jpg,0
13aef2d0-a869-48fb-89ad-48d8a68a0ccd.jpg,1
ebdb1139-eedf-4822-ba01-9525adadb673.jpg,0
fb2f1aca-a0d4-4e97-8019-29d11f06cecc.jpg,0
3dec555d-daf2-43ae-b6de-390295a1e997.jpg,1
acb9daab-0208-4ad5-83f1-78b12a8eb8df.jpg,0
50cf5ffc-14f7-47b7-9930-7b2503562772.jpg,1
eb393d3d-db9d-4f7f-a936-4e8ac1ec6407.jpg,1
924d2ad3-6013-49f2-866c-06eca1477049.jpg,0
7413b1fe-4521-484d-8068-d281c8e023b6.jpg,1
0487b4f4-4640-477c-9c52-e533a726e230.jpg,0
8ad292d8-0868-4c82-a529-e9b4cbb67231.jpg,0
e0a60851-27e8-4e9f-8538-3003541bd72c.jpg,1
bc5cb4e0-8014-4e70-8ed0-3b86509d663a.jpg,1
1fb7f176-ba2d-4d4e-93ae-983b4f7b19d3.jpg,0
09fed88f-3bec-4b7d-ab32-4723ba850ebb.jpg,0
e4ccbcb1-7e9e-442a-9557-c1be267abd6b.jpg,0
55fe515c-5b02-467c-8a0b-83dec9676334.jpg,0
e3946eb0-3e80-45a7-83b6-8539bd7b1b71.jpg,0
b99138a1-5159-4ea9-922d-c9eef36dfbf1.jpg,1
88676211-c172-410b-9ba7-595fa10d080c.jpg,1
a5342c57-3755-41f3-b903-86663c1c6cfa.jpg,1
11e3b3fe-90a4-4379-8b0e-75aca1dcf2c4.jpg,0
94f88cb9-5007-463a-9b4c-b7e149b420ae.jpg,0
820ee00c-07f0-41ca-b2d5-700797f5dca4.jpg,1
845b6391-c9e0-47e3-ad84-f0c843ed35e6.jpg,1
7be03641-0271-49eb-a0bd-ef3add9b170f.jpg,0
e45c446d-d42d-440e-ab92-07c6d96e825c.jpg,0
c59230d9-ca2f-450c-b6eb-6690f10df883.jpg,1
360e8143-3966-4969-80ba-e9f54b12d54e.jpg,1
f4957c57-c105-4b22-b78a-fc2d79fd8249.jpg,1
e6f6b32f-29fc-4eff-b1ae-0e8117573d2f.jpg,0
c91022ae-1b8a-4155-bc69-38fb006a1ede.jpg,1
94fa1a5d-857b-4ac4-a1d0-3fcb6416579c.jpg,0
a24c633d-7bba-49a7-989c-aa3034d17c7a.jpg,1
563134ff-d354-4a91-958f-7bbf7bea8bf8.jpg,0
aad9a64e-18d3-4404-adca-11208626f598.jpg,1
9cc5ca98-a783-4474-904c-9e01779b6724.jpg,0
c5d3d8b6-9241-4b76-8073-0167638f8e43.jpg,1
4206bb66-7b2d-4a7b-827b-d45dd49e0cff.jpg,1
64e4014e-778c-46e4-a19b-cd9ae4dbafb8.jpg,1
6c983947-3895-4781-ae04-957d3a343720.jpg,1
d90ca97c-7572-499d-8c67-a654afab488a.jpg,1
dcd9c9e8-535b-4e13-af32-e797388cf9be.jpg,1
3170e5e2-d8ff-4414-a7b0-18c7b15c4262.jpg,1
6ef36157-1bfc-405a-81d8-4ab7397e16b3.jpg,1
c472b483-e063-4069-9f0c-42ee31517fb3.jpg,0
fcd52cb3-0aa2-497e-99c1-2d2e87367a8c.jpg,1
8fcdbde9-87b1-466f-b648-bdc8028f6dd2.jpg,1
d817bb7d-a9e3-4543-9071-ae71970c8c64.jpg,1
c3f40b66-3ea2-47cf-9b2d-9f016f7fdbf8.jpg,0
25c30a97-9a1d-4cf1-8d9f-0496ccd46d78.jpg,1
33d5cdca-4b7b-4e11-8615-d5d33d6c9c89.jpg,1
a5d60ae9-3d7a-4ca8-8263-7f6ae96b9e01.jpg,0
9c484faa-8d67-4f9c-9647-7cd6b49f516a.jpg,0
529c50d6-34c5-4f9a-a2c5-6ffea5aa1d2c.jpg,1
64272679-e3be-4fc6-8904-91a288bd5bdb.jpg,1
a6d01071-7fe3-487b-9625-94ed8dc84bd0.jpg,0
c599cd76-47c9-4daa-9074-e0af1eb15c29.jpg,0
83488c20-7b62-4dbc-964a-a2d92094ec98.jpg,1
6fe7a814-5526-4c56-91c3-611249d59c2f.jpg,1
59fe5bee-3eec-4ca3-84d1-d3d973f453a8.jpg,1
8e2662fc-f088-4618-a98b-67eab2d4a03b.jpg,0
df32e055-9c48-4a1c-a9fa-0aa4ca1c00dd.jpg,0
4f0d9337-403a-4aba-a802-0030706d1e91.jpg,0
2eddd59a-2a7e-4ca8-91f4-1e672f1eef7b.jpg,1
315c55c6-c8d7-4b79-9c2e-497c18d30a8b.jpg,1
e414d646-7720-462d-a244-145fb858a456.jpg,0
abd3b2c1-33d0-4354-b639-38d87d6029fb.jpg,1
c8d6125a-0662-4b51-8b50-65616521eabe.jpg,1
9a5440b8-d48d-443b-b75b-2b8af827bc04.jpg,0
02284610-eaa7-4789-bbdb-d22c55d41568.jpg,1
e66e2e46-c8d3-4807-b1c7-dec66a88e7e1.jpg,1
2ab82a1d-6389-4768-8b71-a63553eaaf41.jpg,1
d4c3fa83-972d-4f0b-8695-da1a9652346a.jpg,0
3412bc5c-2158-4438-9fa7-f4748bc92f64.jpg,1
ef404c9a-7b8e-4ba3-b70b-991e20f3d22b.jpg,0
b68cdb68-8253-4b5e-bf0d-8dc4d7bbb2e4.jpg,1
34099ebb-f4e2-4a1f-9754-1b36ec8516b7.jpg,0
71d2ae7c-3704-45d4-a421-c099040fc882.jpg,1
fbbc030b-977e-4be7-bd32-4576146f1701.jpg,1
1ceb36c0-88a2-49d1-9b97-3acac2463f18.jpg,1
ae202ff4-d0e4-4980-98ee-154bfe2bcc5b.jpg,0
55f9c56f-2561-4ef7-9ba0-d543fbc218eb.jpg,0
73b83c42-ba06-4daf-ae4e-93899ab7f3d3.jpg,0
9ef37631-5bbd-465a-8a04-14d81ecadcd7.jpg,1
0d0b1549-5694-462a-a19b-df37ff224a94.jpg,1
8a18cee3-1102-4017-ad84-a21071ec61c5.jpg,0
c33215f8-b669-46a5-8c69-8a96b367c0b3.jpg,0
c9e9e6e4-583d-4563-9dfb-43765414ac3a.jpg,0
1b048847-09bf-40fb-9f1f-67c6492d4632.jpg,1
4bcdca70-da63-4096-9c7d-1e9b78ca863c.jpg,0
f22ca809-c183-4119-a198-a1b1a9d852dd.jpg,1
1e173fe0-5d7f-4e5a-bb69-b04aa67b09ea.jpg,0
a5b1cc54-834f-4be5-9319-7870d980c8e5.jpg,1
c8df8cb9-58d1-41dd-93db-f005d735b7da.jpg,0
2b935751-1443-4671-83c9-a4eea7c1b2e8.jpg,1
f6e88323-19c3-46f7-9923-55e38891093a.jpg,0
0d17326d-85e1-4c6f-89f5-9e92a4c9ac49.jpg,1
9b9d86ff-7bb3-4417-a932-aa4b97e368de.jpg,0
718e3237-be82-4542-9d48-11247508d578.jpg,1
2c2e5854-9226-4906-b293-7a9fb279edd0.jpg,0
69996c4d-b550-480c-810d-8829333b6a7e.jpg,0
8e310aed-f41f-46ef-811a-9c4a558277a7.jpg,0
fa47237a-b214-42f1-aa28-20a124321330.jpg,0
8002c427-cc56-47fd-a6e8-e11beec3b3c3.jpg,0
299ef03d-1d92-48f7-9923-e6333d15e990.jpg,1
3c38f1e3-d585-4339-8756-0e74b1aa6199.jpg,1
14801d40-178c-4e5b-85d2-dea546fd9765.jpg,1
e7ec1a1b-d4b7-4e0a-962b-b799b59ca990.jpg,0
7554c9ff-be4c-4bda-b9c0-df12e6e8d8ca.jpg,1
78d915d7-8754-4e7b-a569-92ae5f33cb01.jpg,1
1acf6f66-3c0c-4d83-b42d-d42ec6c1d0f9.jpg,0
204ecff8-c3fd-4ca6-835d-c57eafe2d3d1.jpg,0
0ba93c6a-b988-4ce9-8af8-fb83cf617123.jpg,1
6bb1338a-1e25-430b-abf1-c7be8c8092cc.jpg,1
ed25a0e8-0872-4f1c-a93c-d242d47ff907.jpg,0
de48330c-4fcd-4a67-806b-15e2ccc0c423.jpg,1
1b9eb168-4d44-4801-abc0-b499cefedba6.jpg,0
cc30a7f4-c069-4545-b584-ddffce19ca9b.jpg,1
42a9bca6-72ce-4b52-99f3-4168facdacc5.jpg,0
26656a91-2f50-4fee-b7f5-1ff6a45697fd.jpg,1
990a465e-04f8-420c-90bf-b3f586ff419c.jpg,1
799bfeda-fe27-4aa2-b1e5-09c911285c18.jpg,0
75084bfc-280b-4561-943e-98fd1becd8ce.jpg,1
f86a59a5-770b-4a23-ae55-659bd31a200c.jpg,0
c3bb1a35-0caf-45fe-b8f8-92f3480f4144.jpg,1
3fac2feb-dd2b-4cf0-ac8f-71a70cfd1079.jpg,0
0d2826fb-22bd-4931-b6bf-c30d9e1c193f.jpg,1
fabde8b4-ae56-431d-8273-94268a8b8dee.jpg,1
f66c2c49-8a99-46ff-85ae-abfca06abfbf.jpg,1
93255c3e-55a8-4641-9860-9b254a16acff.jpg,1
d7b9a6d8-180c-4342-b9e2-64402b881dea.jpg,1
23813c87-a8c7-4284-be66-2d6706ce2233.jpg,0
3fd34a06-4e66-440d-8589-e3a4c5e86d0b.jpg,0
17f2fd5c-832d-4d3d-a1c2-4d4a3b7e518b.jpg,1
9fa1b03b-af25-4cba-8281-c9c23686e35a.jpg,1
bb719e24-28c7-4187-8b83-3892541fad41.jpg,0
8569e40d-889f-4496-b28a-5b2021f678cd.jpg,1
ec305f96-7fac-4bac-9a42-4911ddafdbf1.jpg,0
d32fb4d6-cef2-4404-b647-50adfb0eed64.jpg,0
a0106583-f961-4f15-8055-3b3c135ca84b.jpg,1
f4d8fdf8-5767-4ebb-b29b-f9f3d49e7808.jpg,0
d105644a-be8a-4ff6-8e24-c51f597e873d.jpg,1
4e4907c9-47a5-40d9-a5e5-5c27d2fe3fbb.jpg,0
92b2a59e-8c3b-448e-a269-fedd16b47295.jpg,1
00888016-16c4-4ce7-a03e-073f04a1a9c8.jpg,1
3b6a0756-8c68-4a99-afe4-dc19d18b5944.jpg,0
191f5257-3631-4812-a4e4-30f5aeb9b8f4.jpg,1
2605d038-44f8-4aa2-8f0e-bed995f40ba7.jpg,1
c74e464d-69a7-4ef3-ac3b-b16e4523c8b0.jpg,1
e337f6fe-a67d-4422-af44-cf51a0ec6d20.jpg,1
ef32d96b-0a29-4d9a-9530-133cba7d337e.jpg,1
81b4846b-4fc1-4a5d-8379-bc9a687def56.jpg,1
c436f888-263b-42ce-a808-00fd0ee6c5f0.jpg,0
bbac868f-7f96-41ae-9ae6-3131caa1de17.jpg,1
3f309005-5606-4f94-9229-7d10b24705a1.jpg,1
0b74b1be-d56d-4dc9-b883-6a42b545a164.jpg,0
49a2a7c8-2857-42b1-8226-bc8ef51ab3ca.jpg,1
e47bec47-4039-4ac0-8e5b-925fba9ea0d6.jpg,0
a37b7f7a-b5a8-425f-bdd5-21e9f130befb.jpg,1
e65c34cd-3ce7-4390-8f9d-eac1bf757c0f.jpg,1
eb8e8fb0-16b0-4d1b-9127-64c25b79b4d0.jpg,1
3887234b-cedf-4dd0-9cdb-d3ea7e0ab5c1.jpg,0
93123443-1687-457d-a918-25977df70d8e.jpg,1
dbca9e42-23b4-416a-bb1a-ef5e18e7b152.jpg,0
ec84292c-c54b-47ce-be68-7ad628d17641.jpg,0
8cf67a25-b325-445e-a1c3-d7f57bd9203b.jpg,1
2d596523-4e19-4e16-8542-4563e3dab7bf.jpg,0
cc653111-c4b0-460d-a40f-d4303d6ec012.jpg,0
68127e58-6c35-4e5f-8c68-85787c97bf0e.jpg,1
c237eb33-c6c9-4f2a-913e-36b5b0a40d36.jpg,0
9ff80a64-9a6f-407e-a17e-54b96325f8a3.jpg,0
52d0dc0f-5273-4a1b-8a3a-5d89fff0ebee.jpg,1
d1f3907b-39ac-48ce-ae52-211584cb6eef.jpg,1
be57ca40-1fe2-4c66-9018-484e14da2ac9.jpg,0
2ecab923-080c-4698-9793-be04ef24fa71.jpg,0
2cfdaadd-7142-471e-889d-d16d4e04f943.jpg,0
5ff8ffd2-269e-4f43-9200-b8abba34cd84.jpg,0
ef59fead-c927-478e-a42b-093b7660afba.jpg,0
7675b0f0-4d3d-43cc-9396-b11fa76d6dfa.jpg,1
e78c9acd-863d-409c-9695-3b93aaf0b82e.jpg,0
cfc39be7-8465-4ca0-bd02-b04b5d397863.jpg,1
9a4bdb9f-61ec-486c-a257-d395108d226c.jpg,0
ae2a78fd-c191-4434-8cdb-79738f759cb7.jpg,1
4c9ba9ef-74f6-4f2d-a8c9-beee04f2aa75.jpg,1
fb007119-5ca2-44bc-bb0e-31358ac9c61e.jpg,0
27c30644-c61f-42be-9ce7-d35fb4596384.jpg,0
bfe6e5aa-76b0-4b7c-9b77-3a1a6c71eae7.jpg,1
bac76a34-0c5d-411e-a2e5-435bd7eda50d.jpg,1
588ca0dd-651a-4d64-a2c5-a3958eb79f2b.jpg,0
432fae5f-1f84-4cd3-acb8-12c8e96ec1ba.jpg,1
de7a087a-8447-4fc4-adaf-a995ceec539c.jpg,1
0863d77a-8d83-4feb-a54b-9591914d3c2e.jpg,1
36d724f0-f67a-4534-ad3d-4230c5df04a5.jpg,1
38fca4dd-53a7-4b8e-af32-58358b01a705.jpg,1
7755d8a1-fe7a-4dba-a6db-e4d5de0e389e.jpg,0
cd3efb89-695b-4842-b514-8ffd82406d7a.jpg,0
1cfae7fa-98e5-4fca-992b-01ef3cdb7d45.jpg,0
9581ee99-428a-4756-8ebc-c964f6729d2c.jpg,1
8b8d6981-b0f6-44e8-adc7-2038fabfd9bd.jpg,0
54169cbc-6c47-4fa7-a543-0258db0e79af.jpg,1
28281139-8451-4df9-89de-25f4447734fc.jpg,0
83fdf047-ecfb-427a-9f26-158b4298d4c2.jpg,1
4cd6906b-1a81-49e5-8cca-10d9231ae584.jpg,1
13379488-7eea-425c-972b-30c7d565c623.jpg,0
9329cd31-5016-43b0-9baa-37beada9d1aa.jpg,1
247612e6-5b13-49cd-a67a-29956ffd2f78.jpg,1
48d2645a-65ab-4846-9779-eddbf701a790.jpg,0
d5de9a2d-038d-4d2b-970d-f041fc1b3267.jpg,0
8b302f7f-51c5-4615-8ea3-a8cbe2efcb2f.jpg,0
c786e9b7-ef3b-4f7b-bdf2-9efc3184f047.jpg,1
99cbc1f2-14dc-48ff-a780-9235e77a74db.jpg,0
54991a3f-7070-45e0-ab8c-cb00f188b449.jpg,0
4f2d3567-4f36-461b-98ab-6d19c2f3c8b0.jpg,0
89842b05-ffc9-492d-ae34-d934e5999297.jpg,1
2df12366-a19e-4ff8-9bff-d260a7236088.jpg,0
63eb94dd-8497-4d80-9804-a6829fd5f87d.jpg,0
810ab65e-e7ca-413e-8136-a122ab62a864.jpg,1
d7993f32-e9c1-4014-b104-d67f79a24012.jpg,0
026eac28-2a15-4cb9-bcbf-40236cf32676.jpg,0
538f9601-adaa-4f8f-90c2-c4faab8216e3.jpg,0
82dc8f09-766f-4bdd-8159-f1594143edca.jpg,1
a227f367-fe35-4fbb-a9c1-f033298bd64e.jpg,0
21008680-18a6-48d9-8bf2-afdd6d28df34.jpg,1
38991577-6ec1-4576-b699-888e06a7f839.jpg,0
0a7db002-ec50-4fb9-8003-07b36198020b.jpg,1
370d478c-d14d-4f66-aed9-a4ca4b73d158.jpg,0
b8a6d2a8-18a1-4fcf-95ff-2bfa0420db91.jpg,0
66a8b236-1abf-47e2-b412-55143e461d71.jpg,0
58c6723c-1c68-4466-ad43-96a8c49652a9.jpg,0
ed07a3a5-4ff5-4dbc-ab91-9396f13e417b.jpg,0
a568db46-1fc0-450c-953b-3ed204a177f0.jpg,1
1547b9f0-0a38-4751-9cd0-d428ae2390f2.jpg,1
60904cc6-8f7c-42bd-8faa-0d20c8ed9b7c.jpg,0
5eb67dd3-0baa-4b20-b156-2451fcd33268.jpg,1
b7d8b3e2-ab9d-4eec-8ba9-4ae4be4c755c.jpg,1
18af1f21-5ef7-478c-93e6-80250012a65d.jpg,0
57cc2e5b-a597-4d13-acda-857bd44b6c46.jpg,0
c6f74bbe-a8a9-44b6-94f4-24335f9c7a64.jpg,1
0d5d0a3b-c9c9-4896-b5d5-f74042ed5ce7.jpg,1
d61e843a-4e9a-44f6-a3b2-3599a27aa2c1.jpg,0
0b20c887-1b94-4460-8c15-1db0ca682a6f.jpg,1
0abeb1f3-dd70-4717-84df-62d3b8e00f72.jpg,0
7b46c011-c3ea-4272-a648-94de129dcc13.jpg,1
1b8f6988-8be0-4bd6-b3f5-3eb4c18d8870.jpg,1
c8ffdea8-8787-4d3e-80dd-e3fe39db5687.jpg,1
52dced51-d004-4cc5-96b7-acb3f2b3c026.jpg,0
bdaf4964-db80-4e2c-98b9-bb95d5df4f9b.jpg,0
aa1cd106-e8f2-48a4-8bef-7df1f184d816.jpg,1
5af6ddb5-1add-4411-a73c-273b82335127.jpg,1
59d2edc9-7da0-4332-b924-93bf5a215bf0.jpg,1
29e892d9-d30f-4217-845f-2e35a0799fb6.jpg,1
c2b93cb9-3999-4bb6-a946-0ce24c57f2ae.jpg,0
90c7f0f5-29be-448a-b3ec-4f6629f84bb2.jpg,1
d922f254-4e6e-4857-b25e-64def2145f03.jpg,0
032f880c-bdd6-44aa-897b-8a156a1502f1.jpg,1
d148d49f-1f9d-4183-bb2f-b0802a078443.jpg,1
683e4242-c437-4b08-ade1-478b40205e73.jpg,0
ec32c9a5-ab72-469f-ab91-324ca94ec0dc.jpg,1
730587e3-9086-4cf8-bc8c-a4c1bbafbb1a.jpg,0
6e750af6-788c-4d97-b175-831a35132ca0.jpg,0
532b5249-e80e-4567-b091-73d9db46bf05.jpg,0
44241158-d914-4378-93cd-6419ce19b1e3.jpg,0
520f7003-f747-403f-ac85-4bda5e21b8ff.jpg,0
f5d7f09e-ea4d-40b6-a941-d9269c93f228.jpg,0
1d219a09-d35d-4c51-8acf-606de7f2b22b.jpg,1
ff9285aa-b938-4fca-8827-796d4fae6499.jpg,0
e52b856b-da11-4f96-9e72-879c946dc078.jpg,1
a3416fda-7bfd-40d3-b50c-825d7be72fa2.jpg,0
d1609df4-8f81-4fc4-9c46-06d289837d6f.jpg,0
8a49f39a-0ab2-4efa-925e-0ead66bb67a1.jpg,1
ad80d707-e90a-4c0e-ba2e-5985dbde30df.jpg,0
5cbdaa1d-b027-46e9-820b-5de061c03200.jpg,1
77d2ef25-0874-4e83-a01d-5213e714b232.jpg,0
17e59c7f-b933-4a8b-909c-f33166cfb8a2.jpg,1
6e1b0e42-3139-4b28-95d4-5085405ff735.jpg,1
dd4a72b7-85cd-4938-9f5f-b22bfb4e428f.jpg,0
36853883-d952-4aec-acb6-2a746fcda1ac.jpg,1
e0ba1fd5-e742-4f6f-9742-278e768bfe91.jpg,1
b9f3c7f3-646f-4b7a-90e6-df85a06dc811.jpg,0
b8d751ef-3f70-4574-9fde-a21b217fa4be.jpg,1
43445390-5460-4555-a0f7-a4f7846d73bd.jpg,0
f33b9507-c2b6-4a4b-8def-939b44e45396.jpg,0
0d5e8db2-b341-4da4-bdf3-b7482e4fa176.jpg,0
9c840472-5b60-4a7e-88d5-af9643b96082.jpg,1
9486a2cc-21f4-4c30-96fa-3cb81290c67a.jpg,1
4fd577de-c564-424c-91d3-001ac71a949c.jpg,1
50917a85-7c58-42b8-bdb7-0a4a70ce6b2e.jpg,0
ca869bc9-1079-40fc-b682-92aee3252a46.jpg,1
823c57fe-c461-4bf9-8681-4f4ba51ad833.jpg,0
92c9fe01-15ae-4019-a2b2-ea669a568f2c.jpg,1
27b18a57-b9fe-4166-9ecb-5d95e2e88b1a.jpg,0
eabe6fac-a2af-4774-9ad5-219442fdaecf.jpg,0
06eea4da-afb7-4b8e-a450-e1238eb5af24.jpg,1
1fb09e0d-df02-410f-8f11-d6f8a1b38050.jpg,1
10a784f7-f1d5-40c5-be62-bbb0bf706ddd.jpg,0
de58c78e-1d17-46a4-8093-04d471380a7b.jpg,0
09d672b6-d503-4ed1-b18c-f20e9c876e82.jpg,1
545c8133-f809-4605-a3f0-3ca82a08791a.jpg,0
d5602798-0457-4544-98de-32798e83cbe9.jpg,0
55fa6291-e711-4f52-a6ce-b232a4f9a56a.jpg,0
7915eeef-3b1a-43e5-9691-9af947ff1f41.jpg,0
a38a6422-cf05-41d9-83fb-1b7f7d2ce596.jpg,0
9853271c-ac79-459f-a6fe-2b1cbd6e3a8d.jpg,1
59b01066-5bb6-4b43-b29d-323d97b14d8e.jpg,1
f2376b1c-017a-4d25-b27c-0a039f2d22e8.jpg,0
51e7fc50-c9ac-4612-94df-b2c323ca6290.jpg,0
d9c12c2e-3019-473c-a9b2-49751c05491e.jpg,1
8d02e36e-9500-488b-84f7-6f2734b823cc.jpg,1
275938f1-39d8-41aa-a9ae-874d67afa92f.jpg,0
e8efb187-51a7-461d-9a5b-646921dac92a.jpg,1
55c2eb1c-b8f7-44f5-b155-2ef037129147.jpg,0
72917047-e1cf-4b89-ad04-15c7440b8f9f.jpg,0
71a249c0-e088-4238-a747-053951183154.jpg,0
9285447c-ae32-49b1-9ceb-c0406fe563e3.jpg,1
854b109e-29a1-4705-8ca8-fbbee25a7e60.jpg,1
e32a0edb-61ce-410a-9229-085b2866fe3f.jpg,1
114ad6a9-d2ab-40f1-ad9c-d2db4d6322b5.jpg,0
22dde312-0bf7-4d75-bd6c-5b1fa6c1d54c.jpg,0
fd9cc3e2-fe90-4c65-9e38-5a53504ebad7.jpg,1
a7a70766-fd21-438a-8c99-abf4815f2ee1.jpg,1
f21e5fcd-118b-4696-9015-f07b6bec6544.jpg,0
f9d9a16a-d511-416d-8f6a-0214775c75f5.jpg,0
a7b01edd-f207-4da2-9d46-d4704c9cd825.jpg,1
5913ac2b-5c27-472e-b935-4470c9e6ed50.jpg,0
0a02497e-3ec8-414c-8e2c-f0d3cb7691ed.jpg,0
3f7de976-1b86-4eb0-ac2f-946ad41016f4.jpg,1
85efa384-48e3-4e39-bfe1-c6a8af1c2420.jpg,0
372bf936-9488-4761-bfb1-1e3fc93a83f2.jpg,0
2a6d4ac3-497a-4b9a-a80a-68e90c9610b4.jpg,0
88eefda0-4655-404f-b3e1-d19e2d6cc60a.jpg,1
545b0524-dc87-4098-ad64-fafe38d91fcb.jpg,0
a4c69e4f-1ffb-499b-b7ed-9a94476f2933.jpg,0
14202eb4-78c3-4cc4-a56d-8dce48336051.jpg,1
86fdf531-69ac-49fd-bfdb-f3a5e364e1ee.jpg,0
43e20478-5e2b-470a-ac18-d469f4e62761.jpg,0
b3904eff-d10f-457d-b4bf-59912e6ec29d.jpg,1
76551fc2-9e5d-44f3-98a4-792a78d15b3b.jpg,0
cc2b69eb-7203-4175-adf9-cdcc719ea58b.jpg,0
c60e0814-ebb0-430d-8a10-5cd1fa5627b8.jpg,1
83fd185a-e3d1-4268-bc76-e42a4d345b8c.jpg,0
dbbcce84-ffc8-45d0-a4e9-a7473f3972bc.jpg,0
959c95cf-f28f-4448-99d1-a9072c70c710.jpg,0
edc0345e-dad3-48be-86f2-cdb176e43d37.jpg,0
8e225874-4edf-4651-8d88-ffa0b8d9ca19.jpg,1
96ccb193-12d9-4efe-8930-85aea174055e.jpg,0
613a9407-c9c2-4a1c-9137-abd77993c587.jpg,1
79b7c9b1-f129-4797-b1c8-3f2ac54979fb.jpg,0
a8b34593-ec9e-4f4b-9b2e-855cedb7c582.jpg,1
12d2045d-efc8-42ec-9123-89bc0a3f17a4.jpg,0
40c1a538-3a57-4552-bba3-c2124ddbe2b4.jpg,0
89e0fb82-0a5c-42d1-a638-f2a543555ebb.jpg,0
733373ee-e1f2-499c-ac46-aad1097e6e68.jpg,1
530d70c9-8cb0-4403-bef2-083177a6edd5.jpg,0
999a7ad5-4ec4-490c-bf7e-63306a9eae48.jpg,1
9b98b51d-0895-4497-9402-e03137b3258d.jpg,1
03333bf9-8ada-4350-acca-3c5c89f2a47a.jpg,0
e55e1969-f19d-423e-9316-a8fec846e404.jpg,1
d276ff9d-3207-4d59-8e33-25a0b56d674b.jpg,0
5b9ad15a-a3a0-4af9-b508-9de40c40c7ea.jpg,1
af5218c9-5af6-44da-8916-b65a73b93792.jpg,1
ec058585-d132-4ee2-a1fc-9e78faaecdcc.jpg,1
e3ad6192-05d8-45b1-8125-4016765067d4.jpg,1
04c80796-de9e-4614-9ff1-d38fb3283507.jpg,1
416c02fb-4965-4e36-b41b-647545e2156f.jpg,0
571c5ae5-2f88-427d-a27a-9005266264b3.jpg,0
f94af289-be18-46fd-be24-a3d1adfc3ec7.jpg,1
9dbd7d57-8339-4203-8eb6-91a04a29b4e6.jpg,1
412f8345-8e25-49ab-9c10-d96c703dc2ac.jpg,0
7feb3626-7da1-484a-954b-e787fc3d1f59.jpg,0
4da88550-2ec8-4b09-8929-4fa3c25e6da4.jpg,1
e6db8b63-1ed4-47a2-bd23-6140d4e815b3.jpg,0
0e51e0b3-f0ae-4199-994b-9dcca9461346.jpg,0
a7b11c70-6327-400a-8d82-a96716e607cd.jpg,1
b820f3da-00e8-442e-b2cc-a42fda5a30b6.jpg,1
ede91491-b245-4689-be2e-03be7d58d14f.jpg,1
28dcd045-1dc5-4a8b-bb3a-e2562a56cd80.jpg,1
513a9ec0-b804-4161-8d46-2485579675cc.jpg,1
a3784644-7950-433f-ab04-2f7ce5e5c65b.jpg,1
72dfe82b-e033-49f5-827c-ffa4c5cb274a.jpg,1
b6273e97-6323-4c15-a21a-c888cac4eed2.jpg,1
c557d8e9-814b-4e9f-97e5-d5953ba839c6.jpg,0
08c88f69-6acf-4ea8-aab0-f1de70f5f15b.jpg,1
f7c6d408-546c-4e6a-bda2-61e7bd7665ca.jpg,0
97e99e22-4f22-414b-9b94-5c512c3be29a.jpg,1
4743cde8-681a-451e-bacc-4a7e2e48a36c.jpg,0
70c2a418-6e52-44ff-85f4-ad475588423b.jpg,0
c6a91786-923d-4673-b653-1d40942a05be.jpg,1
6532c74c-0a4a-4a44-910f-f7e97565db44.jpg,1
38d3288d-cfa6-4a64-8557-2de51e38aeb3.jpg,1
0b50c602-97a4-4d7d-8d58-5e89ec192ba4.jpg,0
ccde61e6-75fe-4bd9-a106-a6cbabe3cd16.jpg,0
5bf07f39-2a7c-4b26-af3a-c22e1553401f.jpg,0
f2de62e7-c816-4b8a-b75a-79f59d20a975.jpg,0
8adca6a2-c4d0-4560-b52a-b30de689c4eb.jpg,0
8eaeab50-69fc-45ba-aee7-ba813c1c9944.jpg,1
16d297f4-0241-4f7d-8d5d-a6be6880c525.jpg,0
296d61bf-1fa6-494d-8f21-aa2f336b8822.jpg,0
35bffb6c-a728-4650-a887-97460f910b92.jpg,1
09e73e49-d66a-458c-9d0a-3205bf0cb629.jpg,1
9b94b937-8b53-4570-b932-4070c2c7ce12.jpg,0
58c95899-cc4e-4645-8566-cac6eeb84eb3.jpg,1
5c49f9f6-2ab1-4796-8477-e367846b2fb1.jpg,1
c52134c4-dfd0-4b79-8400-984b72998548.jpg,1
bbad83be-766e-48a1-b258-3bcacfaabda5.jpg,1
0fd127b9-827a-4873-97c8-61ce400aaed7.jpg,1
b6fa5493-2be9-4691-b138-83544cd4c764.jpg,0
14c4c32a-34f9-43a5-a6ba-b5482bbb87c2.jpg,1
639b8fb9-210a-4694-8683-f643371d20d7.jpg,1
30ab03c8-2438-48e3-a273-aacd3d94e1e6.jpg,1
7e10c6d8-8ac8-43f1-b61d-6442a756b249.jpg,1
e3adb3c2-df84-4bf2-8054-91bf419834b4.jpg,0
9e6788b7-01a3-40c5-af28-ebc8a6fcceaa.jpg,0
f48eb53d-fe40-4508-a80a-07599e4caf8d.jpg,0
cf62e752-55f6-479a-adfa-d6e6036a6ef3.jpg,0
e476e805-b187-48e2-9aa2-76ab7c4b4c3a.jpg,1
1215b71f-e35c-40c6-8c89-88b17920daf3.jpg,1
51e1a12d-b021-4464-bb6d-4e0a2a11c1fa.jpg,0
1c447c60-a2bc-4735-9664-35b653e27258.jpg,1
a331f4ea-50a3-46e0-ab39-2df3990a71cd.jpg,1
a1a3ea8d-aedf-4d11-98d7-39625da3aad0.jpg,0
649b91ee-8e85-4a51-adad-2f4a201fd6de.jpg,1
f9cbdfa0-63ef-43bc-b65a-98387f75b166.jpg,1
00e301e1-7520-4abb-8007-9e00a0b04da6.jpg,0
d66e18f3-17a7-4d62-9a0e-8fb0057f29b7.jpg,1
1d8a85d4-6873-4a33-a981-283bc30919e7.jpg,0
90f6feac-738f-4b1d-9fda-211a5a9baf7f.jpg,1
ad229221-9e9b-4e7c-abd9-a785c6bbc64c.jpg,0
225457ba-4b7b-4f50-9861-6b1afc268f32.jpg,0
7c2c97f2-5732-498c-acdb-c85a6fd622ea.jpg,0
72fd5919-5183-4af1-b0a8-e40b93d18a8a.jpg,0
d972feac-8e95-4491-a915-d932ba1a2187.jpg,0
8936b82a-cda7-485e-b925-7bd171c0a610.jpg,0
8f3d99fe-f902-4b48-8202-c1792593262d.jpg,0
9efcc6fe-8ce1-4ebe-b5ab-ca10ef7f64a4.jpg,1
c32ca2e4-5add-45d4-a6d7-0e52c3a5dd84.jpg,1
c22b8b67-6dc9-4734-9968-1c8bbf4f62f2.jpg,0
22a7a94b-763d-4550-a282-11c361d77003.jpg,1
be406574-f838-4d13-92b0-199370a28d2f.jpg,1
6c260501-78d8-436d-9f73-731caf84009c.jpg,0
bbb53726-9e47-4094-bf2c-3f01310b402b.jpg,0
659cbcc6-9580-4621-98ee-86df75fc8147.jpg,0
853a7672-426b-47af-a668-b09657ec6406.jpg,0
4b0ddb4b-69f2-49e3-9bd1-fbe0b0aa2b01.jpg,1
40674d7a-3d51-4f66-ac28-9057b0daa364.jpg,1
5479d21e-2dad-4004-8e6b-244952957819.jpg,0
73a5c599-2083-44aa-8666-63b480d4ecfd.jpg,0
71d63d6a-4380-42f9-ab25-547fdfc3d8a0.jpg,1
323afc07-ab52-4588-b99f-08a3519008ce.jpg,1
2ee0440a-c7e2-4869-9acb-4b1f0644f93f.jpg,0
06e149ed-968e-4cf5-9277-af12ae17fbed.jpg,1
0850889a-49b3-4886-a1b2-469766bfad6e.jpg,0
a8d810f3-7399-4c82-89fa-ff50a08567be.jpg,0
e556695d-3283-462d-86e5-03a47505cc82.jpg,0
6c4293d8-6dc0-41a0-a999-25cb821a90f3.jpg,1
f8d2cab3-2f4b-4f89-bc10-7a8d494d099e.jpg,1
80d601fd-883d-4c53-a5c5-5d56c349ed13.jpg,0
38226deb-51cf-4999-920d-e89e11e07e5a.jpg,0
6107d258-d39d-45c6-a7d7-a6b1293ddf17.jpg,1
24fd8673-8ff2-4fcc-80e4-ff21a4f657af.jpg,0
08d338ec-e055-47c1-9bdf-b39d4cb1128d.jpg,0
117515b3-74f3-4aa3-b7bd-c09173aedb4f.jpg,1
2258014e-240d-4b33-a7d2-e15a9d10e4aa.jpg,0
7240dc90-554a-4345-bbf5-fe1fb38ce378.jpg,0
efc33d75-5c44-4496-8c93-5b12a12b8502.jpg,1
ca76b8b5-eb59-4a80-978e-ffb11462f215.jpg,0
9f7de71a-369f-4231-8cb0-c660c6c14ea2.jpg,1
28101382-3329-425b-8f4b-6765ae751fe3.jpg,1
d56c330b-da10-4670-857e-0d9a591acee4.jpg,0
646ce39e-6eeb-40a6-ad2c-77de934db8d9.jpg,1
03ac5f85-3104-4d71-8953-4cfb70d08925.jpg,0
e489fb66-1d7f-4f39-a7ff-6a1dbe7a3900.jpg,0
f1978700-3d7b-4dcd-839e-1e5c5aca8b6a.jpg,0
483a4060-ad8f-44b5-bbe5-e2298e4a1013.jpg,0
76e9d9b8-c749-431f-a431-413bdbd80b59.jpg,1
7497deff-8959-4902-a6f3-5d89901213ff.jpg,0
b011d1d4-f927-42ad-ba5f-9f87a9dc0ac2.jpg,0
919cb978-42fe-4ed3-8e77-c263fe2f8542.jpg,0
83b5ec0b-eef8-4da9-91e5-213d93193152.jpg,0
3eb52ceb-f838-46c0-a72d-3dfb1bd89c34.jpg,1
ee6ef569-4679-47af-a7e9-3f9415b38eee.jpg,1
e7c105c6-1cd8-40d1-aa89-042691126846.jpg,0
e8de84fa-0119-4653-824e-5eff15948781.jpg,1
470883ce-845b-4aae-823d-c6913182d278.jpg,1
6b270a3c-b602-40d6-89a7-37271c00fa9b.jpg,0
2647e7e7-b5be-441b-931f-40a1711eff9e.jpg,1
ec5314ae-20a0-4b88-9541-07b579078ae6.jpg,0
2dc8b4b2-87cf-4bdd-a715-53de196a2f78.jpg,0
ea50a714-c74f-4916-9f1f-8ae117616089.jpg,1
811483f2-0a1b-498f-aa9c-5cd83101ae96.jpg,1
60146e5b-be2e-41d2-962d-bb32f278b355.jpg,1
6c6b054f-7ce8-487e-a7c4-56640ee89bc3.jpg,1
daa41fe9-1640-4ad3-8880-63f946aad5c9.jpg,0
8459c498-163e-479b-81e8-f75dcf1dca6b.jpg,1
6c4b9c9e-0b17-459a-a65b-e37d56b0efe8.jpg,0
ed21f065-3200-4ce4-8874-2239c15d200e.jpg,0
900f5c57-28b9-4c15-acd1-7cc83d20aa41.jpg,0
93a8629b-c55d-44a6-9cdf-ddd625e19456.jpg,1
a5466415-243c-4c9a-897e-ad258fec95d8.jpg,0
8e719968-3927-4a29-aee2-6ce70077599a.jpg,0
fa9718cb-69a6-4857-a100-97045be589fb.jpg,0
a64b417f-4a50-4217-b257-87f88265769c.jpg,0
b61e39d5-c7d9-4865-84ec-ff2a68949932.jpg,1
4cc88b94-a7e2-4625-8e2e-f8be7b9c875d.jpg,1
d86855ee-af76-4ac9-9df5-9f2fe941fd2a.jpg,0
94b203a8-7028-4c0e-9070-cc9fe0f9483c.jpg,1
e9001359-a662-4ceb-a6cb-9cdfefe48bcb.jpg,0
1e89884a-dc76-42c6-9af9-7a4dd828f094.jpg,1
8923196f-2290-4f0d-8107-34395032a447.jpg,1
ab1afba1-9b51-46a0-a21d-ade4ef90fa73.jpg,1
f5c0bb08-fbe9-46c1-83d0-552616a39dc9.jpg,0
cc1cbb71-10e6-4384-b573-4036c670fbc4.jpg,0
f004c6c3-3676-45f9-bf5d-49722853c9f1.jpg,1
f2eb7cb2-b721-43df-b0ed-b0a5483c2431.jpg,0
d2635f9a-d423-4f51-9381-662b2bee0b3b.jpg,1
1aa0df36-757f-44f8-9b68-fdc6c3398901.jpg,1
214afa3e-fc27-4d65-8ad3-02c8a0b3f41d.jpg,1
bf891510-c805-4a68-af49-7641cf752130.jpg,1
08ee52d2-b18d-45e5-a654-c61f04522eb7.jpg,1
fb64e8d7-b209-46b7-ae08-218e26870ace.jpg,1
abe94f2f-8d7b-4608-bf11-eaf45f806906.jpg,1
59adda07-0fe2-4a88-9b0a-b51df3a3376e.jpg,1
05989794-c209-4db8-8e4d-c7dce758c371.jpg,1
c79697e6-c69a-4f6e-bdc3-6f53afc3fd7e.jpg,0
96caf768-44d1-4cde-8c7b-04997b77bf16.jpg,0
37623e03-85bc-402a-8d83-5e516f715f04.jpg,0
d722a8d3-503d-46fd-b566-bd17b2c177c9.jpg,1
eff79ccb-0873-4691-bdb9-0d6b3da503dc.jpg,0
31cdd412-aacd-4ffa-8265-6e23a49ffc82.jpg,0
112bbd73-7aaa-407c-8c07-df8c6ae6017c.jpg,0
92456e67-b136-4d5c-ab4d-45a2cf15106b.jpg,1
c4732c77-f461-47b5-b676-3f35086cebcf.jpg,1
78f02660-b8cf-4d34-a574-eba1ba7f7bf7.jpg,1
b03ed3df-e0da-461f-bda8-93a8ffba8b28.jpg,0
32adcbb3-c2cc-42fc-9f85-e57e31d74c88.jpg,0
31545e1d-662d-4abe-845e-27d0d0d0d53e.jpg,0
a8ed02c4-8c8d-4028-bcf1-ce39e691eccd.jpg,1
30a6d46b-57c1-4b8f-b738-324943ede8e6.jpg,1
8c698659-8ecf-45d2-8de7-78a9eaf32e3f.jpg,1
75147b4d-60a8-4e94-81af-28766ccc3a09.jpg,0
0e2eb655-f725-4569-b62b-b24a9ffb97a4.jpg,0
6121b248-11f2-452e-91e5-9930fd6e1f69.jpg,0
eb91d524-29ac-4ee6-a673-14717f9f7ce4.jpg,1
e62f3473-3ed3-435c-b5b5-3bec1892469a.jpg,0
5d07cbdd-47fe-4896-849a-95ebff544daa.jpg,0
e8666f83-6ece-47ce-9ba5-c333140df27d.jpg,1
b63393ae-dd87-4096-9315-5033da6260fa.jpg,1
5464c36a-c561-4863-9879-100d408d1bc3.jpg,0
a7a4369c-f2fd-4b5c-a78e-201090f18a14.jpg,1
0fbdd839-15f0-4495-8170-6b75e093b323.jpg,1
bfcaeb43-585b-445f-bacf-4a79b358b8ee.jpg,1
b4bcfd40-b1b7-4a16-8fbe-c84a563948a1.jpg,0
c767083c-2e3b-4e6f-89dd-152aa919e55d.jpg,0
bcb388c2-32ad-49cb-b476-901a56a0b8dd.jpg,0
8626ecfb-ec18-45b1-8ca0-634bec98a6f2.jpg,1
3ee110db-39ca-4920-86a5-dd3658c1d509.jpg,1
e79472b0-fec9-4849-9db5-88b4055b947f.jpg,1
de48edb6-075c-4680-aacd-e24cd090350a.jpg,0
582ca572-71d4-44d7-83eb-cd58a155cb34.jpg,0
ca7639d3-48a7-47c8-ad0f-1955cc1072d9.jpg,0
27ef2d0d-2658-4a64-9bbb-604aa54034f6.jpg,0
96e4eb72-ab6d-4f8f-b23f-47fe56146324.jpg,1
d7ce359f-6251-4dda-8350-dbf12908bbfb.jpg,0
5fe9f66e-dfd8-4c45-ab97-dad075e772c0.jpg,1
423bf6b6-158a-4e8a-9430-28f271a377c4.jpg,0
d04f1084-dd12-460c-959d-6546381083e3.jpg,1
dbf17668-8925-4dfc-9456-67a20718a25d.jpg,1
1de43ec4-b5a8-4b22-94af-014e42abb3f9.jpg,1
ea7cb1ab-3c65-4991-bf33-ae82eceee65d.jpg,0
1625f650-a194-43f4-ab71-a142d9409882.jpg,0
de46b33a-f6d3-43e0-9bd1-1b932e9345ce.jpg,1
b8c1dc23-4958-45cc-843b-c5becc6208cb.jpg,0
95d82091-1664-4e94-a360-859ca777d29f.jpg,1
dff7d7cc-9538-47fd-8fd5-cce8a72e5a0a.jpg,0
0cffa49d-5de3-40cf-8172-dfb1f6b28d38.jpg,1
663f0b11-436a-45d2-96f7-aea011cff247.jpg,0
5c26f909-ba74-4ec1-aea2-fc1fc2084057.jpg,0
48f6e972-4be4-40af-8e1c-1ff3bcd600e7.jpg,1
15d21991-06dd-45a7-a4af-786e9f938c30.jpg,1
dbef1681-a75a-48ee-bd06-ba96a72f0b94.jpg,1
ab824c90-04f0-45cd-b0a4-91c4b565e367.jpg,1
b928d279-4775-4296-8c41-c4da670c7c96.jpg,1
b665b7a4-098d-40dc-9f07-3500798282da.jpg,0
fc4f70e6-350b-491b-baa9-6163c9d99453.jpg,1
180f4410-0b8b-4dda-9b81-8612ec431124.jpg,1
fc1fa1cf-a4ed-4b5b-9c4d-0029de6d4f48.jpg,1
bd1c3a7c-2f24-4711-9fd2-2fcc7fd738d0.jpg,0
14771cf3-1ae1-485f-bff7-2a3792135134.jpg,0
25781727-6415-4722-9739-e921c8b2fbe8.jpg,0
3e458038-c10c-4159-892c-18ebaa8168d2.jpg,0
9555e23a-abd7-4644-8b7b-d8e06014bd2b.jpg,0
4fe91147-62d7-4a02-b658-25fd7fea1881.jpg,0
a4cabb70-55b5-4ff1-93c5-5a9d04ba22f6.jpg,1
e303c85c-1fb1-42c7-a891-141076e2febd.jpg,1
f41f5487-eef9-4e2e-9666-924259e2cc81.jpg,0
0cd6e3a3-2547-45ef-8791-8825f4d388c7.jpg,1
cc508ad0-1d88-4402-93d9-69620673a23e.jpg,0
a025d0f1-2b58-4f31-887d-1cc6aeb606d6.jpg,0
6f943e09-45e4-438c-96e6-a8ccfb6f3e92.jpg,1
3932ec76-6358-4ee3-9c70-16db0fb23dba.jpg,1
b65dff15-8802-4504-9bb7-0b47549c533d.jpg,1
8c73eee4-d316-4cf2-839f-db6e15f9630b.jpg,1
082ff687-3ebf-4a98-8944-ad4a075778ca.jpg,1
94b3c0fc-a106-46fa-8061-739a1b25c096.jpg,0
cdb266d7-56c1-4fc2-acb7-5f84d36f4974.jpg,1
6393e351-b3a7-4f42-b55f-56746dc08124.jpg,1
ba3535e2-d182-431b-b5da-e49102a63651.jpg,1
8b57ec8a-f4e3-4061-9fbf-3d6a43c2bba5.jpg,1
ea4ed3dd-7d04-4c0f-acf7-6affb5bf5e8b.jpg,1
ff10074d-14af-479d-b711-0da43d337306.jpg,0
08d98c80-ac8e-48db-a893-b4261f7dba96.jpg,1
51ca80d2-d761-4302-88d0-d82c7f5ea00d.jpg,0
fba984b3-b257-4e50-af74-e03fee1b992a.jpg,0
cd9a07b6-e7bf-43a1-af9e-386368513645.jpg,0
4463e66d-c757-4a9b-87ba-70976e99d072.jpg,0
ec50a049-010a-444a-9dbe-7400f344e023.jpg,1
8c8e86ce-7de2-42dd-b445-38b7ae998922.jpg,1
cbcf4c09-3c98-4e3a-a9b3-00fecd66dd37.jpg,0
c8f9a5da-659e-4b9f-a2fc-8917b05c24b3.jpg,0
87960171-f6c8-466b-a9a5-d2fd2db12120.jpg,0
9ebfa4f0-3879-4546-a5e2-daf3abd72be8.jpg,1
c2169399-00bb-4bdd-a55a-b023a723cea7.jpg,0
341e3881-8ada-4c33-87f5-795b90d74abf.jpg,0
a477f790-9b3d-44ae-a62c-a4478f2f34c4.jpg,1
dce80ae8-4dc4-4ac4-bfee-1bdde45d6eeb.jpg,0
fd029dea-318e-453b-9e88-9ddb096095eb.jpg,1
578ad600-0ab2-4ebe-86ff-bc2ba7820792.jpg,0
1edcb347-c765-4c8e-b107-d2f23f19e513.jpg,0
77f772bc-3edb-4250-bb01-e8db59b6f4d1.jpg,0
c329b6a1-915e-4233-8729-51fa6e62487f.jpg,1
dce02080-b083-466f-b7df-bc6a4afd54d2.jpg,0
cf6ec9ee-4f14-4509-a582-bab9fd667be1.jpg,0
26abe121-5fb0-443e-af7f-0ea7703c8fc8.jpg,0
a813ade9-a7ed-45c3-ac16-9c767ac651a3.jpg,1
b2a3f739-1452-4962-9259-2ce2ddcf742e.jpg,1
0e5691ef-53bd-425c-b6c8-a028c7a03fb4.jpg,1
2e2b0105-1d89-4a86-a13c-36a8a81f2bed.jpg,0
535e3377-6a97-46ae-bcf9-9128120bac4b.jpg,0
eb51f76d-3925-4008-80f4-1e2988bd1ed8.jpg,0
f5ee7219-e87d-4efb-a1a2-e916e926c7c4.jpg,1
b121f09e-b2de-4ea9-bd36-068ab8e1cc1c.jpg,0
594796cf-195f-416d-b9b8-ce6c9fa86bfb.jpg,1
b48b776c-c889-45e6-9ab5-77c6c5af9db4.jpg,0
38324ef6-f08e-41b5-bc46-ecfeb7ee281d.jpg,1
d8d59e95-4cdf-469f-bf96-4780a895517a.jpg,1
a9cecc06-c764-4be8-b8a1-4d42fc5fb7f5.jpg,0
3f232785-bb48-4cc3-88f8-93de2eaf632c.jpg,1
564aac55-96ce-4411-827c-b719637fe791.jpg,1
ebde49c1-facb-4df1-9599-8ba71f7c289f.jpg,0
bdf92060-33db-45ee-8a96-eb14bdc44237.jpg,1
7d34122a-527f-4a8b-a9b4-28df3a419f3d.jpg,0
84c0b2a4-84ec-4c5b-9768-c906b10273b7.jpg,1
87488fb4-9d74-4250-a85e-5d7b523dab47.jpg,0
4815973a-ca45-4436-b662-1f436b38cc19.jpg,0
9b2cc21e-937b-445d-bbab-121547a74830.jpg,1
f91e677d-ff57-4f77-be7d-f0c33f10ba00.jpg,1
7b18bc47-ed9e-4a0f-9c8f-2bfa9cd790b8.jpg,0
daecbe6e-ba9c-48d8-9bcd-5009b794e5a6.jpg,0
eee9c398-3e2e-46cd-b216-2e7adfc8faaf.jpg,1
2379337e-ae79-44c3-90d6-647902fc1070.jpg,0
ca8cd050-dd6e-4913-b906-3fa93a0af48d.jpg,0
ccd06624-52c6-46e8-b32e-1ab3ab38b259.jpg,1
a3726ae0-86bd-4cdf-9d4a-9222f8c223d2.jpg,0
2f2ebb30-a6ad-4114-b89c-41e3b1943750.jpg,0
841ee388-4aca-4719-9d50-276f99ef69c1.jpg,1
966d78d3-70db-4faf-9b31-d4828da36141.jpg,0
84c51afc-d833-4ba2-a669-6928cfd3d663.jpg,1
1359fa76-661a-4069-8f3c-c75e1c7dac47.jpg,1
348d0eb1-2982-48c2-a1a8-e5c19ab4e451.jpg,0
4f2983ac-d4a3-4168-926a-b4f90ea0ebcf.jpg,0
790701b7-5fda-4f74-8409-711368080c3f.jpg,1
b906558a-a41c-4479-8302-3cf4fb7cff58.jpg,0
f9227fd8-bfc1-4377-b5ae-4afbd4736919.jpg,0
e2bd9bde-672e-4254-b67a-bb83263c4875.jpg,1
e4cc427f-aae8-4636-9f97-368e9ba87a15.jpg,1
996dc0e1-cc8c-44d9-821b-30e3f5996783.jpg,0
1b0b7379-b3e4-435b-8243-7cb4636e589b.jpg,0
061e4f94-6a25-435d-990f-0dd867f4022e.jpg,0
6bdd690e-7f21-4f72-8cb9-563d7c27e55a.jpg,1
c3cc986e-3e3e-4291-80d7-f6dc96fc48a7.jpg,1
c6a5bb92-5a71-48a1-b094-0d083bca8755.jpg,1
89acef1b-649a-4445-966a-75568bc7eb68.jpg,1
6a9aa6af-e369-4068-bc6d-43ef3aa40381.jpg,1
85542b77-aa0c-4741-9081-778f108a24bd.jpg,1
af8bfa32-e51b-4916-beab-f8728ad7bb25.jpg,0
8a84dba4-f14e-4959-b346-2524a9e5f264.jpg,0
6b8a226d-3df4-4a41-b5e2-d97500290e80.jpg,0
6d9c042b-6fd9-4e33-a50c-96caaa371ff0.jpg,0
6abeb36d-943b-4147-916d-9c65b717d388.jpg,1
0e5dc08a-5e2f-4933-bc84-16dcd5436bb4.jpg,1
9891327d-b376-440c-9aa1-6ca17393f949.jpg,1
44a2e549-fb14-4b25-b40e-cbcfcfe2b106.jpg,1
6911cfa0-2001-4433-800c-24383ec00f44.jpg,0
6837aa6b-f13b-4d88-ae20-3a5f825ab150.jpg,0
5785757c-0016-4b95-b65d-dabc1c0e78cd.jpg,1
ff54265f-b984-4107-b56b-169d5c19f320.jpg,0
07b45fd3-b475-4bd8-ad41-e52ca40eba4e.jpg,1
4e72a391-95dd-4cab-9ee7-bceff44f612f.jpg,0
31a29a8f-1913-4610-bde8-035a37416af8.jpg,0
72d2d16f-6c75-499b-b998-b419a2588700.jpg,0
e2234c4f-4bcb-4975-960b-4f34d7a6e034.jpg,1
28053a0a-3762-4a77-b8b8-cccc91cc1463.jpg,1
1a2e5e00-edc1-4187-ae6b-194b996b21e6.jpg,1
ae4d7f3f-4e36-4af9-ac7c-0469c92bf3f8.jpg,0
bfd2c735-3e65-4ff5-beb7-41a8ba9dc916.jpg,0
f7ebb5ed-466b-4e9a-b163-be0539a42aae.jpg,1
06553922-a145-45b3-b8de-08ed050dab8d.jpg,1
dfe95786-ea83-4e0f-8c9b-0d40bf8e6fa0.jpg,0
042eb27f-cb25-4b15-aaf0-cbd8fa4b431b.jpg,0
8e8b75c1-179c-4b71-af30-0a9d8413c3bd.jpg,1
083d39e7-81bc-44e4-b9aa-11b1e84cf120.jpg,1
aaeb2eb6-d8fe-4402-afad-bf2dab6055a2.jpg,0
08d9b5ba-5ae4-40dc-bddb-70dde28e32f0.jpg,0
cc885121-b8fe-43a2-b133-e854be268c1a.jpg,0
8a37982b-b3fc-4ed9-a809-81334962cae2.jpg,1
8519f995-681f-4780-87ea-91458656e3fc.jpg,0
562c722a-ccd5-438e-8631-88faff6c8441.jpg,1
3a8f90c9-646b-4f8c-9735-97982a64bccd.jpg,0
4ac12bf7-a69f-4c68-9023-7e008c9e1e08.jpg,0
ac7e05cb-bac0-4298-ade0-6e242f954cd5.jpg,1
fae78c94-8119-4e76-b561-65e840c8b32a.jpg,0
adad02f5-7614-4167-93e9-027222e8772a.jpg,0
1c5d8da0-b096-4882-a2df-e4c2242357ee.jpg,0
64994cc5-b813-427f-8bdb-8d1dbc4d526b.jpg,0
adad11f3-bf60-4807-b49b-a55b4ef3efa3.jpg,1
cacc10f5-2d35-4b3d-bf92-3c377cda52f3.jpg,1
793e46cb-2ea0-4460-85b5-68313f0d332b.jpg,0
e6e77d4c-5e1b-4420-b747-1dd435d806f8.jpg,1
cebc5a2e-9a28-4f5c-9b56-1606424dce14.jpg,1
7f8342a7-b679-4045-a9d3-e116edadac4e.jpg,0
1a4f5455-7b13-4f65-8ca8-fd7bbbcb25be.jpg,0
06d8cfd5-63d1-43ce-b461-98a2af6402d8.jpg,0
b267291c-031a-44c7-a26f-1b11dc68984e.jpg,1
9d2aff0f-d255-4ce8-9fed-8e3bdac4d923.jpg,0
729246aa-81f8-453e-b54f-150f4512c2ce.jpg,1
1ca55b3c-0d3c-4104-a656-5b479fe8fc3b.jpg,0
25b38393-a91a-4f83-a39e-48cfb9a54dbf.jpg,1
404876b5-88b1-49fe-a1be-f5fe0786ed1c.jpg,0
69336587-7a31-4ba5-8da6-490059f13be6.jpg,1
38457921-adc0-4862-ac47-b0cb8505c45b.jpg,0
c7f57491-101b-4bbb-a823-0f7b7516df40.jpg,0
77db6953-4de3-4763-9c40-ae430e84f213.jpg,0
103d4709-7cc5-441a-ac99-bc0e3cbe5ba7.jpg,1
a89c61eb-1016-4dab-9224-f10cc37290cd.jpg,1
f3844f88-161d-445e-98fc-a3c9cb90f8bd.jpg,1
8991b267-b7f4-4639-a35d-12de2a9909af.jpg,0
425008d5-bc0d-4f18-9737-6d4e317d714b.jpg,1
c13bdf04-9c51-4c83-bebb-351c62a7afdf.jpg,1
7aa55c54-32e1-4aa0-9bbe-4079b702fbbd.jpg,0
12118f34-c96b-4a24-9c5a-4c17edb5501d.jpg,1
698303d6-cb5e-4ceb-85a1-7de817d077ef.jpg,0
6638af63-e3a3-4613-bd24-e813b585ffcd.jpg,0
5f2c3ea4-3bbf-4851-bfb1-a97779bcb0dd.jpg,1
6919ffd6-a4c6-4ba7-bbc1-4356d0b41b64.jpg,0
fcb23338-f46f-4c6a-9e3a-693dc9d83ad0.jpg,0
e52825fd-2c93-48b2-ae94-0c99d28ae26b.jpg,1
7ea9ca02-d094-4197-9f2d-7863950eaa61.jpg,1
fba12f8e-30b4-40a2-b3da-4b811de3debd.jpg,1
05842e4c-e325-4ca0-bb14-3ff4f5807e88.jpg,0
e80639f8-69cc-4174-9994-ca3bdc6154d7.jpg,1
6e3afc4b-51a5-47a2-8898-6af1e38b3011.jpg,1
38415298-7cf7-4528-b726-c7d34aafbfed.jpg,1
771d18d6-f9f4-477e-821d-b84086659335.jpg,0
e113671b-cfaa-4a64-88e1-fc83418d991a.jpg,0
d06bf55e-67c3-43b0-9009-92c89a18ae60.jpg,1
61cea7fd-21a0-4b06-8032-5e9392d133ae.jpg,0
38eea79d-0454-448f-96d8-f97a0df1419d.jpg,1
137052dd-bb05-4294-a6d0-ff7c8f92631d.jpg,1
b5d079e6-138c-4dc2-9613-63458dbb1ac4.jpg,0
960a7c66-0482-4547-aef3-2f65382cc143.jpg,1
2ffac22c-9c6b-4de3-8d5d-e23f1e5c7266.jpg,0
b2f9aa52-8778-4cb6-a0b2-d02a6f80a2f7.jpg,1
7bf23683-dad9-406d-af4b-f70c980b2d01.jpg,0
a6523476-5768-4885-a0dd-34c46103c15e.jpg,0
105d4c62-ce76-4346-8d58-f9abf96eb365.jpg,0
ba624686-0237-4659-945e-2406be63a671.jpg,0
d8f0faae-0cdc-4f06-be28-8d8375a0d267.jpg,0
2921b15e-0350-4430-86ab-c1449698352f.jpg,1
611ad30e-5be4-468a-989f-e9f20ef45fb5.jpg,0
21edd562-618b-4ddf-8ff9-81efaa237114.jpg,1
832a8895-448b-42cb-a503-005d8bd4e6a2.jpg,0
531dc908-a620-487b-8193-45f4ae838738.jpg,0
d632c858-6485-4310-bbfc-a01e0cc7d0fe.jpg,1
d14f9697-ebca-4386-a2c1-1feb94733ab3.jpg,1
47c58e60-9cfd-4026-92d1-f6436c9eeb22.jpg,1
cfcd5781-ae0d-4dad-b211-366bc2346b74.jpg,1
99a5f473-5f82-4d93-b717-6a4f4ef863d5.jpg,0
7152596e-1b84-4cd9-babb-2225384629be.jpg,1
6ce2969e-14a4-4ebf-bd1a-4417da4fb69a.jpg,1
5dd594cd-92fd-476d-b858-34ab961bb232.jpg,1
8dd8e351-b4db-4872-9b06-88d688ca50e8.jpg,1
22316291-b4d7-4572-9f98-4195ef2abad1.jpg,1
499aace5-fc3d-4359-9acf-5e88e19c5a84.jpg,1
d31b837a-afda-4f2c-af80-3eebd9b167c3.jpg,0
54588260-cfed-4093-9256-c198a8db8ecd.jpg,1
dea22c39-4d5a-448e-83a8-69125a117aae.jpg,0
e60c3207-30d2-42b5-8f43-097da0c3e3e0.jpg,1
63ab5677-b8bc-423d-9e0f-b0360c8b911f.jpg,0
e291ea32-8361-41e7-b446-6236aa6c00dd.jpg,1
bd51a8df-0558-41c2-b2e8-eb8e651cb451.jpg,1
474606a5-4a6a-4a7c-b13f-8752536a47c7.jpg,0
6abde6db-a98b-497d-af8b-e07ca32af749.jpg,1
a751e50b-54e0-4dad-a38b-cce78d134048.jpg,0
a3489398-4e40-41cf-8d01-23e292c97b0e.jpg,0
0fe1a31a-c13e-47dc-9b19-d1101c615239.jpg,0
7c6c22fe-63e8-491c-a34b-73888f7633e1.jpg,1
ac41e4ba-65e4-433e-88ba-375df0b56eb9.jpg,0
b9331a8e-14c3-41fb-ba19-54261a56c21f.jpg,0
2e1fc90e-6921-40a3-89dd-168fec6ae1b1.jpg,0
b174e0ee-7440-4026-9838-a8143d88b8c5.jpg,1
ff7abd1f-317f-4708-ac40-03edad14c3bc.jpg,0
c01cb01e-fce6-4f95-99b4-ec4d1134d550.jpg,0
866f153e-0117-4d77-83c5-1e700d20b096.jpg,0
8092c878-fa86-44c4-9214-a49d6036f1c4.jpg,0
5b342aa8-3a77-4427-885b-85ec857dea26.jpg,0
2b842a6b-cc8d-4e4d-b7ac-4500ed6e290d.jpg,0
aef841a0-21c7-45cf-8e2c-114fc5e9b2ea.jpg,0
2d0382ca-039f-4f55-a551-36d22f716405.jpg,1
c8469a1b-d0a2-4445-bfc6-ffba6e99bf5f.jpg,0
334302a1-977c-4354-9d0b-361ddd31f858.jpg,1
73c73b0c-a38b-4dc9-8316-cb4a53a77657.jpg,1
fea5d463-f83e-4cac-91ac-8f6899411f9d.jpg,0
8941cc6a-92f0-483d-b634-be093db1d54e.jpg,1
28c42d9e-4d1b-4d47-ae4e-3a473916b775.jpg,1
7631c376-292d-4ca3-8cca-b954fac17224.jpg,1
f19024a1-fd25-4e45-808a-9f7fe140fbe1.jpg,1
1b0b8721-f4f7-4a78-b816-da6c05e2f870.jpg,1
0db39398-0f62-43f8-bf9d-0bdbfdb8785a.jpg,0
1de23d68-db5d-4231-89a9-3c45cd3583ad.jpg,1
22744e94-fbda-4421-81d2-556198b5a1c3.jpg,1
c1f7c770-96d9-4d5a-85b9-b5050160b169.jpg,0
15dbfe0d-cf0a-419c-b406-9ac6e443bc85.jpg,1
a667bc25-f28b-410e-ab50-040196cb1468.jpg,1
be574cdd-fd3c-422a-842f-df6a61ed5018.jpg,0
5220e338-3fd8-4056-acaa-bb521f4481d8.jpg,1
a2866b71-adef-4554-a9ed-1a5f080b702d.jpg,0
b3b58e0c-f4de-4e8b-ba40-d1423aa9f46d.jpg,0
ed0a0fc2-2fa6-4d27-9f1e-3d535024564f.jpg,1
066b8a7e-5d47-46fd-841f-bff4bda05a04.jpg,0
af3001bc-3b05-4533-aaca-52105bba037c.jpg,0
3cbdcf1b-76a1-4c42-b040-f8b8b2ecbf68.jpg,0
c38afc50-2fbf-43f9-ac0a-a560fdffe3d1.jpg,1
e6436a0c-9c4f-4986-9a13-d50afc9791a6.jpg,1
7dd4f46c-f795-4eeb-8ee7-7a5ccee5e3e4.jpg,1
80033376-c9d1-455d-b36f-1c494d8287cd.jpg,1
5ecc75fc-131d-419a-a26b-4df4c34e604b.jpg,0
311aaf15-d330-4340-a942-36c61bd6782f.jpg,0
2f3f9a3e-aa3c-4bd9-910a-c877bb5fa688.jpg,0
462ae115-6832-4432-8f3b-506ed5d3adb1.jpg,0
fa5d0183-2f86-4709-b79c-dc9d8b3a36d4.jpg,0
b0d26147-79e3-46e9-85e9-b7a790e834e6.jpg,0
c7bcf93b-256b-4480-bf5c-ea34b511d1ea.jpg,1
4c3a79d5-c3d6-42e0-9e70-e39745fb6b55.jpg,1
614661a5-94aa-4f44-a2e3-fdc819d773ff.jpg,0
bd537e91-b575-496d-bd09-5f14dc35ec89.jpg,0
1373b5c8-9671-4fe7-b59b-d2c120482c1b.jpg,1
bd108317-05a3-40f3-85a6-8e09e0f744b7.jpg,1
f079943f-7f2c-4cf2-a311-e24a317631d8.jpg,1
714cd12f-9d15-44ff-9cd1-bcc7dfef3a02.jpg,0
ec42a99c-6148-42dc-8998-63bc376a9635.jpg,0
c4437855-6604-42c6-9955-a3cd7a61fb59.jpg,1
bdcc3513-b8c2-4dd5-a89e-6e7d426c859b.jpg,0
d1c3e835-ae76-421a-b04b-266a58d261c3.jpg,1
b67afe43-c6dd-4027-b9b4-c1b71fd3659b.jpg,0
a975cfe0-f058-490c-a423-8c9049fcc2a4.jpg,1
416cb440-81ee-4673-8131-285bd1c6dfeb.jpg,1
3cff1c22-9928-4482-9723-fd2119a0a970.jpg,1
b7a9f8b1-f1cb-4041-b7bd-a29de96a38ba.jpg,1
cb33e42c-6b45-4740-835d-9dfe3034d458.jpg,1
74449cd4-403f-4d6d-965a-adf0e84fd7cf.jpg,0
c7ac5b36-f052-475b-80f7-30f2a8ee7d36.jpg,1
904f7b9a-98ae-4ea1-8c0e-05fa73dce432.jpg,1
88b572a7-13bd-44e6-b53a-ff576461e60a.jpg,0
89bd9da4-bf21-4177-bd50-dd7134b4e33d.jpg,0
9037eab7-aa15-46af-a6ab-8c8681362927.jpg,0
9351a174-4980-422c-ae61-4eba9a11093e.jpg,0
7d45272c-4f80-48bb-935b-eb19ba1b3aed.jpg,0
0d3209d2-fcf5-48ab-9b59-d3855b21e2ee.jpg,1
a859331f-d19b-4dcf-888b-150a535fdd30.jpg,1
bf7d14b2-e4b0-4ecc-b3df-d08143a3fd5e.jpg,1
aaa750e7-7800-476d-833b-228d693b6894.jpg,0
7a9c6b81-177f-44fa-89ba-3187abecfed4.jpg,1
0e1646ac-b995-484a-af00-b9e2d9bc04f2.jpg,0
a96825ed-92e0-47c3-9f58-9b885cf99f4f.jpg,0
7bd75ca9-087d-4eb7-a978-b5ae70c6d1a5.jpg,0
6310d12f-e76c-40d1-a01c-371e4871411b.jpg,1
5710362e-05ac-4cf4-b308-ff8d862f833d.jpg,1
96b89314-210a-4df7-8875-1cefb07bf649.jpg,1
0c826a8c-010e-472c-8ca7-472ddc378af8.jpg,1
566aa431-5a46-425d-9d83-b982f071a361.jpg,0
ba12a574-5efc-4e1b-9c7b-d2fcf0cf61c1.jpg,1
f5d457c1-eb23-4b4b-9aa1-0e8ca9963146.jpg,1
a893b516-4d0f-454d-a679-25d7422398c5.jpg,0
c2eb4a91-e197-410c-9558-40fd1b175df2.jpg,0
9422922f-272d-43f8-9531-fa48687b5cc5.jpg,0
3a3bea90-0de4-4537-8d0c-14ac1ee8771a.jpg,1
d4ad4b2e-0b6b-4189-9540-a8a3d91fe2b0.jpg,0
af286fc8-976c-4e2b-b689-a05cd635c2be.jpg,0
ad6bb66f-31f9-46e4-b496-f708c87f2a80.jpg,1
14fc1e11-dedd-4800-9db6-0ba0be058365.jpg,0
a9e636f6-dfd7-4e91-b27d-44bc987e0e49.jpg,0
08a17d14-4efa-42a9-81dc-3f36afeb1bfd.jpg,1
7b295922-8b80-4160-ad1c-a50c566c5523.jpg,1
40fd5aba-d764-4fc0-a060-fc85658e57d0.jpg,0
7825bf77-105a-45cf-a850-df2bb72aa8b9.jpg,0
26e4c398-0bff-44df-8760-19f193f0b59e.jpg,1
367d5077-19d6-4112-872a-59ca2cbe636e.jpg,1
c8be9dda-2418-4cb2-863b-8b840caff451.jpg,0
e78ed402-fb06-4d60-b46a-168629ba58ba.jpg,0
bb5b97de-760d-40ab-b5dd-71429e34bcb8.jpg,0
9843a10e-5d4e-485c-945a-855d5ed25875.jpg,0
299478d2-0c7b-460a-aaea-a570471001a8.jpg,0
c86117b5-26df-4c05-bfef-5f76a5ee0f21.jpg,0
3b79986e-779a-4a26-8646-dd2eaca0b311.jpg,0
31833ee0-5f8f-4700-8180-505b7a2da9e5.jpg,1
b17fcdca-8ed1-404f-8ca7-8cb557603d63.jpg,0
b8d18e82-7b0f-4f95-84ee-40543e449f13.jpg,0
aa1aa697-a52b-4ee3-a19b-f8dfd28ef9fc.jpg,0
203fbefa-6295-4229-926b-5c0d978f25c3.jpg,1
96eb1b82-70d1-48eb-824c-c4e99c921887.jpg,0
b0b04a70-8254-4350-a267-5b6a6db16821.jpg,1
d3bd1050-936a-4399-99df-a9e7a35c9ea4.jpg,1
734aa14b-e1b8-4c1a-8430-c0c8310ef9e0.jpg,0
c3bb45a3-565f-4bc5-901e-c812914b5db7.jpg,1
c0f4a7dc-8aa0-4fb7-9df4-a7f6d805c230.jpg,0
faa35d8f-4b91-4b69-ba4c-a723385afb6b.jpg,1
0ce986a3-2971-490c-bfe8-129394006df5.jpg,0
4a695e4e-6529-4df4-80d5-a62fcbb3e907.jpg,1
99fddfd4-c95b-45db-bf64-be40d2ecd70b.jpg,1
95fcaecf-1768-409c-8796-998f32cb4678.jpg,0
38afda5f-dd5c-4407-a162-34d87e4ab872.jpg,0
5b7b64f6-c584-4f9c-b3c5-7c25b619f89d.jpg,0
07f908d1-1e3f-41d3-acfc-e8288d96e940.jpg,0
74be7c4f-8db9-47a6-9a0a-f74a1b96acab.jpg,0
c94b2db8-26e8-4e95-9cb7-c523d7038b66.jpg,0
deb4f68c-2bc6-4190-ab03-62151f68e3c8.jpg,1
62d36d45-b96e-4dbb-b6c2-b1a753cfdd10.jpg,0
8e032385-0dd8-45d7-9441-bc824c515902.jpg,1
a2b71be2-07bb-425b-9289-fc31ef22cb42.jpg,0
d16230ef-3bad-44f7-92be-c83c937ec879.jpg,1
cd8cb40f-0809-47a8-9165-1d2a98049bf4.jpg,0
5f0a6bdd-b49d-4bba-ade8-2a35d9e35e96.jpg,1
9b8a85fd-d29a-4ec3-824d-599cacebbf9a.jpg,0
feb6565f-b49e-4458-8065-9c47922dfea4.jpg,1
0c611bb8-0761-4ca2-a983-c7ac791bbb24.jpg,0
0e59a36e-b0ba-47aa-8ac1-2c01c120d7db.jpg,0
b8be74b6-0be9-4fb4-b0db-e25fddbad5c3.jpg,1
f6af768f-d9d5-49e3-9ec9-9df8a36d60f1.jpg,1
d0445a58-2ea3-4475-a515-52ee7a0facb2.jpg,0
3a02997f-fdf7-4aaf-8416-ecc10b5c699b.jpg,0
9f1ed68e-ed03-43a3-adde-5a1a31c2fcc1.jpg,0
1c9abe5c-0ea0-4f0a-8554-9763618f613a.jpg,0
76b3e4d0-acaa-4b10-80dd-66fa0213d9a5.jpg,0
6a00fe66-34d6-4f8e-b302-87165128bf18.jpg,1
164efec0-6c52-4e3e-a64f-121d6b87c274.jpg,0
c3dfbc34-658e-44af-827c-f7d7d5c49b1f.jpg,1
92847080-e7fa-407e-b203-3ed100088fca.jpg,0
c32ff174-bcb4-4556-9114-4f4e9b9728c5.jpg,1
f198f707-94e9-4d8e-b638-fc69b6fc7647.jpg,1
bc01a08e-cddf-47e8-a8e7-a12be7e32451.jpg,0
2b043d4b-af2d-4862-8dbd-472251a9f9a6.jpg,1
4c5181d2-80b6-4f3d-9fb2-cc5945dc7ee3.jpg,0
cea504e9-5eb5-48a5-b6a3-75e3c18b1ba9.jpg,1
6171fbff-a437-4a72-80ac-bd29c7ae03f2.jpg,1
a222f704-7f92-4eb1-aed7-9bbad9c90829.jpg,1
3674cec2-09d6-4adf-adf5-331ab66b5388.jpg,1
928e88de-05a4-4a60-a604-445ffb7bdbfa.jpg,1
46da54be-dc5e-4fb2-b858-afa187b9cf48.jpg,1
c092ae3c-e646-4e68-9853-5ecd2d31e12f.jpg,0
936a6db8-9759-4c7a-9bfb-0518cd0da15a.jpg,1
af3ac208-d072-424f-b305-9feacadd8b17.jpg,1
e864a97d-aff3-4da8-83f4-343108775686.jpg,1
c5b0df47-98d3-4592-a127-d2f01cbe61bb.jpg,1
1f9be070-cb65-422f-9db9-6eb63812d63d.jpg,1
ce24a76c-ce92-4793-9dd6-0b36e64a3266.jpg,0
2df6dccd-018a-40d6-901c-96f3c4978e65.jpg,0
27d1a0de-7c06-448e-94b6-47800fb50def.jpg,1
9a748e39-660c-4dc5-98cb-febb41a1be69.jpg,0
f6cf2112-c9b6-491f-937f-67e146cfd7cb.jpg,1
26c5651a-8380-41e5-9825-1b9ec2bea48e.jpg,1
714390df-764f-42b2-b3a7-b4bff8d056d6.jpg,1
f7d38a3d-b620-4dac-83bc-3795d9022c35.jpg,1
7282908a-554a-488d-b9bb-f9115507eebf.jpg,1
4a9b6a8c-6f28-458f-9a05-6b945c9a1894.jpg,0
d2a3d72c-f2a2-4c9f-b94e-bc809c121c6f.jpg,1
7aa9284c-7cb7-446b-aaae-067560919d9c.jpg,1
1d71b0ed-0e46-4b8e-b466-ea008deabf84.jpg,0
2203a833-3980-4873-91a1-2d9c732517b1.jpg,0
caae1cfa-24a8-4cdf-bfe6-4e03dc0cb2cc.jpg,1
6b2f7c14-b2e4-4a2e-800c-39b2e0231a6e.jpg,0
0d384e6a-900c-4ab8-9254-90f83c0831e3.jpg,1
0d64cdb9-8fea-432d-a816-a75dc5b26b87.jpg,1
f9009008-3b3d-4ca2-9fc3-7984668227d0.jpg,1
f8f35f16-9b23-4303-ad95-f05ecfe1fa92.jpg,0
7ea2886a-c34b-4047-8b6f-f394d0c1a9fd.jpg,0
7b38de99-82a5-4766-98cd-bbc15ada877f.jpg,0
5dbd902a-0dd6-4477-a38b-fc78f6b7bd88.jpg,0
fa04289b-0e4a-4803-8985-f98b2a3561e4.jpg,1
f136b772-cefc-41ba-8934-daa8f4436a63.jpg,1
5051c408-1148-42d3-8df5-a46e74f3f403.jpg,1
22b94a26-2f95-4a07-8280-86216600d594.jpg,0
f4ac56b8-c53c-46b4-a7d5-f2330a983c35.jpg,0
8c3db5ce-13d5-4aad-a16f-423a8695f3a6.jpg,1
142863b5-b157-4deb-b265-eec8500ee816.jpg,0
d767d2a5-8d1f-45aa-9bd7-a77f2206db7e.jpg,1
29553343-ad32-4703-a9e4-e47f62aa7fed.jpg,0
0e06ee1c-68a4-48df-af7a-2b1205288990.jpg,1
44dc9bd1-96f8-49f8-8d1d-52ee7d12d8a0.jpg,0
ba2dbf5b-3e3a-411d-b3a1-21d4647103dc.jpg,0
8a9e35d1-2203-4667-a709-28f82359f3d3.jpg,1
5634ac37-cf2d-4cfd-91dc-275b7c0ce2cb.jpg,0
6fc45c1d-cc65-4ca2-9d3f-750c28edf3f9.jpg,0
e92f1955-22c1-435a-abc9-6da799114ab7.jpg,1
dea1074d-d3c4-49f8-92fa-4ae09caf7ca1.jpg,0
b04dcde0-cc05-41db-a6ab-2d1dfb851081.jpg,1
e1564d9c-f860-4e00-89e3-e518d5d13c27.jpg,1
92684635-6ee7-4d33-a1d0-2f2f02263860.jpg,0
d5c69320-2924-44a6-bc57-5fb7fc298646.jpg,0
7c534228-b280-4e33-ad9c-96e98a6c2eaa.jpg,1
43c2dde5-2eff-4d0d-b5dd-f28a7e0b15e1.jpg,0
330b6ec9-7456-460b-8700-41c5de366500.jpg,1
528456c9-e179-4c7e-bdae-1ecc095bd99e.jpg,0
26a2935a-0965-46d6-bbfa-d895049d29d1.jpg,1
b054cdd6-c3fa-431c-bd2e-202dcda6a327.jpg,1
f61b48fc-4d5e-4621-a4f3-1fd0fee7e552.jpg,0
8ca41bcd-6c22-4a21-ab9c-28e1bf701026.jpg,1
8d9d016a-74ed-473e-a2fa-35b555087cdc.jpg,1
